subject,description,full_text,category_final,priority
Cloud Identity Verification Issue,It seems like the enterprise cloud-based identity verification system is acting up again. Some user verifications are intermittently failing to complete. This requires a detailed investigation and possibly a manual adjustment of the verification process settings. We might also need to inspect the integration with external identity databases.,Cloud Identity Verification Issue. It seems like the enterprise cloud-based identity verification system is acting up again. Some user verifications are intermittently failing to complete. This requires a detailed investigation and possibly a manual adjustment of the verification process settings. We might also need to inspect the integration with external identity databases.,Software,High
Assistance Required for Diagnosing and Resolving Persistent Slow Internet Connection,"Name: Alex Johnson Email: alex.johnson@acme.co Position: Analyst Manager: Jamie Smith Team: Acme Co, IT Support Can you help diagnose and resolve a persistent slow internet connection on my workstation? The network is stable and settings are correct, but the issue persists. Best, Alex","Assistance Required for Diagnosing and Resolving Persistent Slow Internet Connection. Name: Alex Johnson Email: alex.johnson@acme.co Position: Analyst Manager: Jamie Smith Team: Acme Co, IT Support Can you help diagnose and resolve a persistent slow internet connection on my workstation? The network is stable and settings are correct, but the issue persists. Best, Alex",Network,Medium
ZDesk Console Access Request,Hello! Jane Doe (jane.doe@acme.co) should be granted access to the ZDesk Customer Support Console for enhanced support capabilities. Thank you! John Smith | Customer Support Lead Acme Co (https://acme.co) • Connect with me (https://acme.co/john-smith),ZDesk Console Access Request. Hello! Jane Doe (jane.doe@acme.co) should be granted access to the ZDesk Customer Support Console for enhanced support capabilities. Thank you! John Smith | Customer Support Lead Acme Co (https://acme.co) • Connect with me (https://acme.co/john-smith),Account,Medium
Access Request for GH Team Projects,"Hello IT! I need access to the GH Team Projects to collaborate effectively with the team on our ongoing projects. This will help streamline our workflow and ensure everyone is on the same page. Thank you in advance and let me know if you need any additional information. Best! Jamie Lee | Project Coordinator Acme Co. • New York, NY","Access Request for GH Team Projects. Hello IT! I need access to the GH Team Projects to collaborate effectively with the team on our ongoing projects. This will help streamline our workflow and ensure everyone is on the same page. Thank you in advance and let me know if you need any additional information. Best! Jamie Lee | Project Coordinator Acme Co. • New York, NY",Account,Medium
Live Streaming Issues on Virtual Event Platform,"Hi IT Team, we're experiencing persistent issues with our enterprise cloud-based virtual event platform. The live streaming sessions intermittently fail to broadcast, which requires detailed investigation and manual adjustment of streaming settings. Could you please inspect the network bandwidth and server-side configurations? Thanks!","Live Streaming Issues on Virtual Event Platform. Hi IT Team, we're experiencing persistent issues with our enterprise cloud-based virtual event platform. The live streaming sessions intermittently fail to broadcast, which requires detailed investigation and manual adjustment of streaming settings. Could you please inspect the network bandwidth and server-side configurations? Thanks!",Network,High
Creating a New Google Calendar for Team Deadlines,"Hello IT Team, I hope this message finds you well. I'm reaching out to request assistance with setting up a new Google Calendar specifically for tracking our team's project deadlines. Could you please provide detailed instructions on how to create and share this calendar with the team? We aim to have this ready by the end of the week to ensure everyone is aligned on upcoming deadlines. If there are any specific permissions or settings we need to be aware of, please include those as well. Let me know if there's anything else you need from my side. Thank you for your support! -- Alex | Project Coordinator Acme Co.","Creating a New Google Calendar for Team Deadlines. Hello IT Team, I hope this message finds you well. I'm reaching out to request assistance with setting up a new Google Calendar specifically for tracking our team's project deadlines. Could you please provide detailed instructions on how to create and share this calendar with the team? We aim to have this ready by the end of the week to ensure everyone is aligned on upcoming deadlines. If there are any specific permissions or settings we need to be aware of, please include those as well. Let me know if there's anything else you need from my side. Thank you for your support! -- Alex | Project Coordinator Acme Co.",Software,Medium
Access Request for O365 Teams & Outlook Services,Access request details.,Access Request for O365 Teams & Outlook Services. Access request details.,Account,Medium
Intermittent Data Loss in Cloud Application,"I am experiencing intermittent data loss in our cloud-based application, which seems to be due to synchronization issues. This requires a detailed investigation and manual reconciliation of data discrepancies across multiple user accounts and devices.","Intermittent Data Loss in Cloud Application. I am experiencing intermittent data loss in our cloud-based application, which seems to be due to synchronization issues. This requires a detailed investigation and manual reconciliation of data discrepancies across multiple user accounts and devices.",Software,High
Intranet Navigation Assistance,"Hello IT Team, I've been trying to access and navigate the company intranet but I'm having some trouble finding my way around. Could you provide some guidance or resources that might help? I'm hoping to get familiar with it soon as I have some tasks that require its use. Appreciate your help! -- Alex Jordan | Marketing Specialist","Intranet Navigation Assistance. Hello IT Team, I've been trying to access and navigate the company intranet but I'm having some trouble finding my way around. Could you provide some guidance or resources that might help? I'm hoping to get familiar with it soon as I have some tasks that require its use. Appreciate your help! -- Alex Jordan | Marketing Specialist",Other,Medium
Phishing Email Investigation and Escalation Needed,"Hello IT Superstars, We've encountered a phishing email that slipped through our spam filters and landed in a user's inbox. Could you assist in investigating this issue and escalate it for a manual review? Your expertise in handling such matters is greatly appreciated. My best, Alex","Phishing Email Investigation and Escalation Needed. Hello IT Superstars, We've encountered a phishing email that slipped through our spam filters and landed in a user's inbox. Could you assist in investigating this issue and escalate it for a manual review? Your expertise in handling such matters is greatly appreciated. My best, Alex",Security,High
Hi IT Team! Quick question - intermittent data source connection issues,"Hi IT Team! Quick question - I'm experiencing persistent issues with our enterprise cloud-based data visualization tool. Specific data sources intermittently fail to connect, and it's requiring me to manually adjust the data connection settings each time. Could this be related to our network security configurations? Would appreciate a detailed investigation. Thx.","Hi IT Team! Quick question - intermittent data source connection issues. Hi IT Team! Quick question - I'm experiencing persistent issues with our enterprise cloud-based data visualization tool. Specific data sources intermittently fail to connect, and it's requiring me to manually adjust the data connection settings each time. Could this be related to our network security configurations? Would appreciate a detailed investigation. Thx.",Software,Medium
Issues with E-Learning Platform,"I'm experiencing persistent issues with our enterprise cloud-based e-learning platform. The course content intermittently fails to load, and it requires a detailed investigation. I believe there might be a need for manual adjustment of content delivery settings. Additionally, an inspection of network connectivity and user account configurations might be necessary. Please assist.","Issues with E-Learning Platform. I'm experiencing persistent issues with our enterprise cloud-based e-learning platform. The course content intermittently fails to load, and it requires a detailed investigation. I believe there might be a need for manual adjustment of content delivery settings. Additionally, an inspection of network connectivity and user account configurations might be necessary. Please assist.",Software,High
Geospatial Data Layer Rendering Issue,"User experiencing persistent issues with enterprise cloud-based data visualization platform where specific geospatial data layers intermittently fail to render, requiring detailed investigation and manual adjustment of geospatial data configurations and potential inspection of map rendering settings.","Geospatial Data Layer Rendering Issue. User experiencing persistent issues with enterprise cloud-based data visualization platform where specific geospatial data layers intermittently fail to render, requiring detailed investigation and manual adjustment of geospatial data configurations and potential inspection of map rendering settings.",Software,High
Email Configuration Assistance,"Hello IT! I'm having trouble setting up my email on my mobile device. Despite entering the correct credentials and settings, I keep encountering authentication errors. Could you please assist me with this? Thank you!","Email Configuration Assistance. Hello IT! I'm having trouble setting up my email on my mobile device. Despite entering the correct credentials and settings, I keep encountering authentication errors. Could you please assist me with this? Thank you!",Communication,Medium
UI Rendering Issues in Cloud App,I'm experiencing persistent issues with our enterprise cloud-based application where specific user interface elements intermittently fail to render correctly. This requires a detailed investigation and possibly manual adjustment of the front-end code. Could you also check the browser compatibility settings?,UI Rendering Issues in Cloud App. I'm experiencing persistent issues with our enterprise cloud-based application where specific user interface elements intermittently fail to render correctly. This requires a detailed investigation and possibly manual adjustment of the front-end code. Could you also check the browser compatibility settings?,Software,High
Access Request for Asana Task Board,Requesting access to the Asana Task Board for project collaboration.,Access Request for Asana Task Board. Requesting access to the Asana Task Board for project collaboration.,Software,Medium
GH Repos Access Request,"Hey IT Team, Can I get access to the GitHub repositories for the new project? Thanks!","GH Repos Access Request. Hey IT Team, Can I get access to the GitHub repositories for the new project? Thanks!",Account,Medium
Persistent Authentication Issues with Remote Access Solution,"User experiencing persistent issues with enterprise remote access solution where specific users intermittently fail to authenticate, requiring detailed investigation and manual adjustment of user access policies and potential inspection of authentication server logs.","Persistent Authentication Issues with Remote Access Solution. User experiencing persistent issues with enterprise remote access solution where specific users intermittently fail to authenticate, requiring detailed investigation and manual adjustment of user access policies and potential inspection of authentication server logs.",RemoteWork,High
Accessing Shared Network Drive,"Hi IT Team, I've just received my new company-issued desktop computer and need assistance with accessing the shared network drive. Could you please provide me with the necessary instructions or steps to get connected? Thanks!","Accessing Shared Network Drive. Hi IT Team, I've just received my new company-issued desktop computer and need assistance with accessing the shared network drive. Could you please provide me with the necessary instructions or steps to get connected? Thanks!",Network,Medium
Access Denied Errors on Shared Network Drive,"Hey team! I'm running into some issues with access denied errors when trying to open files on our shared network drive. I've double-checked my permissions, and everything seems to be in order. Not urgent, but would appreciate some help when you get a chance. Thanks!","Access Denied Errors on Shared Network Drive. Hey team! I'm running into some issues with access denied errors when trying to open files on our shared network drive. I've double-checked my permissions, and everything seems to be in order. Not urgent, but would appreciate some help when you get a chance. Thanks!",Network,Low
Issues with Data Visualization Tool,"Hey IT! I'm experiencing persistent issues with our enterprise cloud-based data visualization tool. The dashboards intermittently fail to load data correctly, and it's requiring me to manually adjust data source configurations. I think there might be something off with the API integration settings as well. Could you look into this for me? Please let me know if you need any more details from my end. Thanks! -Alex","Issues with Data Visualization Tool. Hey IT! I'm experiencing persistent issues with our enterprise cloud-based data visualization tool. The dashboards intermittently fail to load data correctly, and it's requiring me to manually adjust data source configurations. I think there might be something off with the API integration settings as well. Could you look into this for me? Please let me know if you need any more details from my end. Thanks! -Alex",Software,High
Access Request for ZDesk Agent Dashboard,I need access to the ZDesk Agent Dashboard for my role. Please grant the necessary permissions.,Access Request for ZDesk Agent Dashboard. I need access to the ZDesk Agent Dashboard for my role. Please grant the necessary permissions.,Software,Medium
"Hello IT, can you please grant me access to Adobe Animate Tools?","Hello IT, can you please grant me access to Adobe Animate Tools?","Hello IT, can you please grant me access to Adobe Animate Tools?. Hello IT, can you please grant me access to Adobe Animate Tools?",Software,Medium
Access Request for T-List Project Management Tool,"Hi IT Team, Can you please provide access to the T-List Project Management Tool for our new team members? They will need full access to manage tasks and collaborate on the upcoming projects. Let me know if you have any questions. Thank you! -- Alex Johnson | Project Coordinator Acme Co.","Access Request for T-List Project Management Tool. Hi IT Team, Can you please provide access to the T-List Project Management Tool for our new team members? They will need full access to manage tasks and collaborate on the upcoming projects. Let me know if you have any questions. Thank you! -- Alex Johnson | Project Coordinator Acme Co.",Software,Medium
Remote Desktop Setup on New Tablet,Hello IT! Can you please provide instructions on setting up remote desktop access on my new company-issued tablet? I need to ensure I can access all necessary resources remotely. **Email**: user@acme.co,Remote Desktop Setup on New Tablet. Hello IT! Can you please provide instructions on setting up remote desktop access on my new company-issued tablet? I need to ensure I can access all necessary resources remotely. **Email**: user@acme.co,RemoteWork,Medium
Email Notifications for Calendar Events,"Hi IT Team, I need help setting up email notifications for calendar events on my mobile device. Can you provide step-by-step instructions? Thanks!","Email Notifications for Calendar Events. Hi IT Team, I need help setting up email notifications for calendar events on my mobile device. Can you provide step-by-step instructions? Thanks!",Software,Medium
Firewall Rule Adjustment Needed,I am experiencing persistent issues with our enterprise firewall where specific outbound traffic is intermittently blocked. This requires a detailed investigation and manual adjustment of the firewall rules. Could you also inspect the network traffic logs to identify any anomalies?,Firewall Rule Adjustment Needed. I am experiencing persistent issues with our enterprise firewall where specific outbound traffic is intermittently blocked. This requires a detailed investigation and manual adjustment of the firewall rules. Could you also inspect the network traffic logs to identify any anomalies?,Network,High
Requesting Access to Collaboration Tools,"Hello, I'm a new hire requesting instructions on setting up access to the company's cloud-based collaboration tools - thanks.","Requesting Access to Collaboration Tools. Hello, I'm a new hire requesting instructions on setting up access to the company's cloud-based collaboration tools - thanks.",Software,Medium
VDI Application Launch Issues - Investigation Required,"Hey IT Team, I hope you're doing well! I'm experiencing persistent issues with our enterprise cloud-based VDI. Specific applications intermittently fail to launch, and it's becoming quite disruptive. Could you please look into this? It might require a detailed investigation and manual adjustment of the application delivery settings. Additionally, a potential inspection of server-side resource allocation might be necessary. Let me know if you need any more information from my side. Thank you for your assistance. Best regards, Alex Johnson","VDI Application Launch Issues - Investigation Required. Hey IT Team, I hope you're doing well! I'm experiencing persistent issues with our enterprise cloud-based VDI. Specific applications intermittently fail to launch, and it's becoming quite disruptive. Could you please look into this? It might require a detailed investigation and manual adjustment of the application delivery settings. Additionally, a potential inspection of server-side resource allocation might be necessary. Let me know if you need any more information from my side. Thank you for your assistance. Best regards, Alex Johnson",Other,High
Persistent Issues with Email Filtering System,"User experiencing persistent issues with automated email filtering system where legitimate emails are incorrectly marked as spam, requiring detailed investigation and manual adjustment of filtering rules and potential whitelist updates.","Persistent Issues with Email Filtering System. User experiencing persistent issues with automated email filtering system where legitimate emails are incorrectly marked as spam, requiring detailed investigation and manual adjustment of filtering rules and potential whitelist updates.",Software,High
Troubleshoot Intranet Access,"Hey, IT team. I'm having trouble accessing certain pages on our intranet. My network configuration and browser settings seem correct, but the pages just won't load. Any idea who I should reach out to for help? https://intranet.acme.co/help","Troubleshoot Intranet Access. Hey, IT team. I'm having trouble accessing certain pages on our intranet. My network configuration and browser settings seem correct, but the pages just won't load. Any idea who I should reach out to for help? https://intranet.acme.co/help",Network,Medium
Slack Channel Access,"Hi there! Could someone assist me with getting access to the Team Comms channels on Slack? Much appreciated! Alex -- Alex Smith | Team Lead, Marketing Acme Co (http://www.acme.co/) ● New York, NY ● They/Them","Slack Channel Access. Hi there! Could someone assist me with getting access to the Team Comms channels on Slack? Much appreciated! Alex -- Alex Smith | Team Lead, Marketing Acme Co (http://www.acme.co/) ● New York, NY ● They/Them",Communication,Medium
Re: [AUTOMATED EMAIL - DO NOT REPLY] Phishing Email Manual Review Required,"Hi Team, A phishing email has slipped through our automated filters and was flagged as safe, but it contains suspicious links. Could someone manually review and escalate this? Thanks, Alex On Mon, Oct 16, 2023 at 10:15 AM Chris Johnson <chris.johnson@acme.co> wrote: Important: Please DO NOT reply to this message; this inbox is not monitored. Hello Acme Co, Please review the attached email and investigate the suspicious links. If you have any questions or issues, please reply directly to the current email chain with your IT Security Coordinator, Jamie Lee. Best Regards, -- Chris Johnson IT Support Specialist chris.johnson@acme.co New York, NY 10001 www.acme.co CONFIDENTIAL: the information contained in this e-mail or any attachment hereto is subject to confidentiality protections and is private information intended for the use of the individual or entity named above only. If the reader of this message is not the intended recipient, you are hereby notified that any dissemination, distribution or copy of this communication is prohibited. If you have received this communication in error, please notify us immediately by telephone at 212-555-0199 or reply by e-mail and delete or discard the message. -- Alex Turner | IT Analyst acme.co I alex.turner@acme.co 212.555.0187 Check out our latest updates! (https://acme.co/blog/category/updates)","Re: [AUTOMATED EMAIL - DO NOT REPLY] Phishing Email Manual Review Required. Hi Team, A phishing email has slipped through our automated filters and was flagged as safe, but it contains suspicious links. Could someone manually review and escalate this? Thanks, Alex On Mon, Oct 16, 2023 at 10:15 AM Chris Johnson <chris.johnson@acme.co> wrote: Important: Please DO NOT reply to this message; this inbox is not monitored. Hello Acme Co, Please review the attached email and investigate the suspicious links. If you have any questions or issues, please reply directly to the current email chain with your IT Security Coordinator, Jamie Lee. Best Regards, -- Chris Johnson IT Support Specialist chris.johnson@acme.co New York, NY 10001 www.acme.co CONFIDENTIAL: the information contained in this e-mail or any attachment hereto is subject to confidentiality protections and is private information intended for the use of the individual or entity named above only. If the reader of this message is not the intended recipient, you are hereby notified that any dissemination, distribution or copy of this communication is prohibited. If you have received this communication in error, please notify us immediately by telephone at 212-555-0199 or reply by e-mail and delete or discard the message. -- Alex Turner | IT Analyst acme.co I alex.turner@acme.co 212.555.0187 Check out our latest updates! (https://acme.co/blog/category/updates)",Security,High
Intranet: Event Submission Instructions Needed,"Monday, March 4, 2024 Request for instructions on submitting a new event or announcement on the company intranet Hello IT Team, I am looking to submit a new event and announcement on our company intranet but couldn't find the instructions on how to do so. Could you please guide me through the process or direct me to the relevant resources? I want to ensure that the event details are visible to all employees in a timely manner. If there are any specific guidelines or templates to follow, kindly let me know. Thank you for your assistance! Best regards, Alex Johnson","Intranet: Event Submission Instructions Needed. Monday, March 4, 2024 Request for instructions on submitting a new event or announcement on the company intranet Hello IT Team, I am looking to submit a new event and announcement on our company intranet but couldn't find the instructions on how to do so. Could you please guide me through the process or direct me to the relevant resources? I want to ensure that the event details are visible to all employees in a timely manner. If there are any specific guidelines or templates to follow, kindly let me know. Thank you for your assistance! Best regards, Alex Johnson",Communication,Medium
Cloud Financial Tool Export Issues,"Hi IT,

I'm having trouble with our cloud-based financial reporting tool. The data exports are failing intermittently, and it's becoming a hassle. Could you look into the export configurations and maybe check the data source connectivity and report generation workflows?

--

Jordan Lee | Financial Analyst

Acme Co. • New York, NY","Cloud Financial Tool Export Issues. Hi IT,

I'm having trouble with our cloud-based financial reporting tool. The data exports are failing intermittently, and it's becoming a hassle. Could you look into the export configurations and maybe check the data source connectivity and report generation workflows?

--

Jordan Lee | Financial Analyst

Acme Co. • New York, NY",Software,High
Enterprise CDN: Intermittent Asset Loading Issues,"Issue: Persistent issues with enterprise CDN where specific assets intermittently fail to load.\n\nAction Required: Detailed investigation and manual adjustment of CDN configuration settings. Potential inspection of origin server connectivity.\n\nApproval Required?\nYes\n\nApprovers:\nmanager.jones@acme.co MANAGER\ntech.lead@acme.co\n\nApproved By:\nmanager.jones@acme.co\n\nApproved At:\n2024-09-15T11:45:00-07:00\n\nApproved By:\ntech.lead@acme.co\n\nApproved At:\n2024-09-16T14:30:00-07:00\n\nApproval Note:\nProceed with CDN configuration adjustments.\n\nRequester:\nAlex Johnson\nNetwork Operations Specialist\nManager: manager.jones@acme.co\n\nRequest Date:\nSep 16, 2024\n\nRequest Note:\nNeed to ensure seamless asset delivery for end-users.","Enterprise CDN: Intermittent Asset Loading Issues. Issue: Persistent issues with enterprise CDN where specific assets intermittently fail to load.\n\nAction Required: Detailed investigation and manual adjustment of CDN configuration settings. Potential inspection of origin server connectivity.\n\nApproval Required?\nYes\n\nApprovers:\nmanager.jones@acme.co MANAGER\ntech.lead@acme.co\n\nApproved By:\nmanager.jones@acme.co\n\nApproved At:\n2024-09-15T11:45:00-07:00\n\nApproved By:\ntech.lead@acme.co\n\nApproved At:\n2024-09-16T14:30:00-07:00\n\nApproval Note:\nProceed with CDN configuration adjustments.\n\nRequester:\nAlex Johnson\nNetwork Operations Specialist\nManager: manager.jones@acme.co\n\nRequest Date:\nSep 16, 2024\n\nRequest Note:\nNeed to ensure seamless asset delivery for end-users.",Network,High
Workstation Security Configuration: Inconsistent Application of Group Policies,"Hello IT Team, I've noticed that the group policies on my workstation are not being applied consistently. Some security settings seem to revert to default after a restart, and certain applications are not being restricted as expected. This inconsistency is causing potential security vulnerabilities. Could you please investigate and ensure that the correct group policies are enforced across all workstations? Thank you!","Workstation Security Configuration: Inconsistent Application of Group Policies. Hello IT Team, I've noticed that the group policies on my workstation are not being applied consistently. Some security settings seem to revert to default after a restart, and certain applications are not being restricted as expected. This inconsistency is causing potential security vulnerabilities. Could you please investigate and ensure that the correct group policies are enforced across all workstations? Thank you!",Security,High
Intermittent ML Model Prediction Failures,"Hello, I'm Alex Turner from the data analytics team. We've been experiencing persistent issues with our enterprise cloud-based data analytics platform. Specifically, certain machine learning model predictions intermittently fail to update. This requires us to manually adjust the model deployment settings and potentially inspect the data pipeline configurations. Could you please investigate this issue? Thanks in advance.","Intermittent ML Model Prediction Failures. Hello, I'm Alex Turner from the data analytics team. We've been experiencing persistent issues with our enterprise cloud-based data analytics platform. Specifically, certain machine learning model predictions intermittently fail to update. This requires us to manually adjust the model deployment settings and potentially inspect the data pipeline configurations. Could you please investigate this issue? Thanks in advance.",Software,High
Access Request for T-Card Project Management Tool,"Hi there! We have a team member, Alex Johnson, who needs access to the T-Card Project Management Tool for an upcoming project. Alex will be collaborating with the team remotely and requires access by next Monday. Could you please set up the necessary permissions and send the login details to his email? If you need any additional information, feel free to reach out. Thanks in advance and hope you're having a great day! -- Jamie Lee | Project Coordinator, Operations Text me! | 415-555-0199 Acme Co | San Francisco, CA","Access Request for T-Card Project Management Tool. Hi there! We have a team member, Alex Johnson, who needs access to the T-Card Project Management Tool for an upcoming project. Alex will be collaborating with the team remotely and requires access by next Monday. Could you please set up the necessary permissions and send the login details to his email? If you need any additional information, feel free to reach out. Thanks in advance and hope you're having a great day! -- Jamie Lee | Project Coordinator, Operations Text me! | 415-555-0199 Acme Co | San Francisco, CA",Software,High
Video Conferencing Desynchronization Issue,We have recently encountered persistent issues with our enterprise video conferencing system. Please investigate the following areas for potential resolution: - Audio and video streams intermittently desynchronize - Manual adjustment of codec settings may be required - Inspection of network bandwidth and latency is recommended,Video Conferencing Desynchronization Issue. We have recently encountered persistent issues with our enterprise video conferencing system. Please investigate the following areas for potential resolution: - Audio and video streams intermittently desynchronize - Manual adjustment of codec settings may be required - Inspection of network bandwidth and latency is recommended,Network,High
Access Request for GMeet & GChat Features,"Hi team, We are looking to enable GMeet and GChat features for our team members who are currently unable to access these tools. Could you please assist in granting the necessary permissions or guide us on how to proceed? Your help in resolving this matter would be greatly appreciated. Thanks, Alex Johnson | IT Coordinator Acme Co (https://acme.co/) • New York","Access Request for GMeet & GChat Features. Hi team, We are looking to enable GMeet and GChat features for our team members who are currently unable to access these tools. Could you please assist in granting the necessary permissions or guide us on how to proceed? Your help in resolving this matter would be greatly appreciated. Thanks, Alex Johnson | IT Coordinator Acme Co (https://acme.co/) • New York",Software,Medium
Re: [Acme IT] Re: Ticket #44567 - Remote Desktop Software Update Instructions Needed,"This is a follow-up to your previous request #44567 ""Remote Desktop Software Update Instructions Needed""

I attempted to follow the steps provided in the initial guide, but I'm still unable to update the remote desktop software to the latest version. Could you please provide further instructions or suggest any additional steps I might try?","Re: [Acme IT] Re: Ticket #44567 - Remote Desktop Software Update Instructions Needed. This is a follow-up to your previous request #44567 ""Remote Desktop Software Update Instructions Needed""

I attempted to follow the steps provided in the initial guide, but I'm still unable to update the remote desktop software to the latest version. Could you please provide further instructions or suggest any additional steps I might try?",Software,Medium
Printer Connectivity Issues,"Hi team! I'm having trouble connecting to the office printer. It seems like the connection drops intermittently, and I'm not sure how to resolve it. Could you provide some instructions or tips on how to fix this? Thanks a lot! Jamie Lee (they/them) Acme Co - Office Coordinator","Printer Connectivity Issues. Hi team! I'm having trouble connecting to the office printer. It seems like the connection drops intermittently, and I'm not sure how to resolve it. Could you provide some instructions or tips on how to fix this? Thanks a lot! Jamie Lee (they/them) Acme Co - Office Coordinator",Hardware,Medium
Troubleshooting Google Calendar Notifications on Mobile,Notification issues on mobile devices.,Troubleshooting Google Calendar Notifications on Mobile. Notification issues on mobile devices.,Software,Medium
Software Access: Asana Project for Jordan Smith,Jordan Smith is part of the Project Management team and requires access to the Asana project to coordinate tasks and timelines effectively.,Software Access: Asana Project for Jordan Smith. Jordan Smith is part of the Project Management team and requires access to the Asana project to coordinate tasks and timelines effectively.,Software,Medium
Access Request for Premiere Pro Video Editing Tools,"I'm trying to access Premiere Pro for video editing, but it seems like I don't have the necessary permissions to use the software. When I attempt to open it, a message pops up saying I need admin rights. I've checked with my team, and they confirmed that I should have access. Is there a specific setting or security control that's blocking my access? I also tried reinstalling the software, but the issue persists.","Access Request for Premiere Pro Video Editing Tools. I'm trying to access Premiere Pro for video editing, but it seems like I don't have the necessary permissions to use the software. When I attempt to open it, a message pops up saying I need admin rights. I've checked with my team, and they confirmed that I should have access. Is there a specific setting or security control that's blocking my access? I also tried reinstalling the software, but the issue persists.",Software,Medium
Access Request for T-Board Collaboration Platform,"Access request details.

Request details:
	Requester email: john.doe@acme.co
	Requester name: John Doe
	Requester department: Marketing
	Platform requested: T-Board Collaboration
	Access level requested: Standard
	Request submitted at: 2024-07-15T11:15:00-07:00
	Request note: Required for project coordination and team collaboration

Request review details:
	Reviewed by: jane.smith@acme.co
	Reviewed at: 2024-07-15T12:30:00-07:00
	Review status: APPROVED

Fulfillment details:
	Fulfillment channel: internal portal
	Executed at: 2024-07-15T12:45:00-07:00","Access Request for T-Board Collaboration Platform. Access request details.

Request details:
	Requester email: john.doe@acme.co
	Requester name: John Doe
	Requester department: Marketing
	Platform requested: T-Board Collaboration
	Access level requested: Standard
	Request submitted at: 2024-07-15T11:15:00-07:00
	Request note: Required for project coordination and team collaboration

Request review details:
	Reviewed by: jane.smith@acme.co
	Reviewed at: 2024-07-15T12:30:00-07:00
	Review status: APPROVED

Fulfillment details:
	Fulfillment channel: internal portal
	Executed at: 2024-07-15T12:45:00-07:00",Account,Medium
API Gateway Routing Issues,"Hello, I am experiencing persistent issues with our enterprise cloud-based API gateway. Specific API requests intermittently fail to route correctly, requiring detailed investigation and manual adjustment of routing configurations. Additionally, there may be a need to inspect backend service connectivity. Please assist at your earliest convenience. Thank you!","API Gateway Routing Issues. Hello, I am experiencing persistent issues with our enterprise cloud-based API gateway. Specific API requests intermittently fail to route correctly, requiring detailed investigation and manual adjustment of routing configurations. Additionally, there may be a need to inspect backend service connectivity. Please assist at your earliest convenience. Thank you!",Software,High
"Hi IT, Can I please get assistance with configuring Multi-Factor Authentication?","Hi IT, I'm having trouble setting up Multi-Factor Authentication. It seems there's a conflict between the corporate and third-party application methods. Could you help me resolve this manually?","Hi IT, Can I please get assistance with configuring Multi-Factor Authentication?. Hi IT, I'm having trouble setting up Multi-Factor Authentication. It seems there's a conflict between the corporate and third-party application methods. Could you help me resolve this manually?",Security,Medium
Request VPN Setup Instructions for New Smartphone,Please provide instructions for connecting to the company VPN on my new smartphone. I need to ensure secure access to our internal resources while working remotely. Thank you!,Request VPN Setup Instructions for New Smartphone. Please provide instructions for connecting to the company VPN on my new smartphone. I need to ensure secure access to our internal resources while working remotely. Thank you!,RemoteWork,Medium
Access Request for Adobe Stock Library,"Hi,

I'm working on a new project and need access to the Adobe Stock Library to find suitable images and assets. However, it seems my current permissions don't allow me to access the library.

Could you please assist me in getting the necessary access?

Thanks,
Alex Johnson","Access Request for Adobe Stock Library. Hi,

I'm working on a new project and need access to the Adobe Stock Library to find suitable images and assets. However, it seems my current permissions don't allow me to access the library.

Could you please assist me in getting the necessary access?

Thanks,
Alex Johnson",Software,Medium
Remote Desktop File Transfer Issue,"I'm having trouble transferring files between my local and remote workstations even though all configuration settings seem correct. When I attempt to drag and drop files, nothing happens, and there's no error message to indicate what's wrong. Could you help me troubleshoot this issue?","Remote Desktop File Transfer Issue. I'm having trouble transferring files between my local and remote workstations even though all configuration settings seem correct. When I attempt to drag and drop files, nothing happens, and there's no error message to indicate what's wrong. Could you help me troubleshoot this issue?",RemoteWork,Medium
"Hey there, can you make sure that everyone on the Sales Team has access to the SF CRM Portal?","Hey there, can you make sure that everyone on the Sales Team (John Doe, Jane Smith, Bob Johnson, Alice Brown, and Charlie Davis) has access to the SF CRM Portal? Thanks!","Hey there, can you make sure that everyone on the Sales Team has access to the SF CRM Portal?. Hey there, can you make sure that everyone on the Sales Team (John Doe, Jane Smith, Bob Johnson, Alice Brown, and Charlie Davis) has access to the SF CRM Portal? Thanks!",Account,Medium
Instructions for Submitting a Project Proposal,"Hey team! I was told that we can submit new project proposals through the company intranet, but I'm not quite sure how to go about it. Could you provide me with the instructions or point me in the right direction? I want to make sure I follow the correct process. Appreciate the help! Thanks a bunch, Jamie Lee | Product Development Acme Co. • Remote • they/them","Instructions for Submitting a Project Proposal. Hey team! I was told that we can submit new project proposals through the company intranet, but I'm not quite sure how to go about it. Could you provide me with the instructions or point me in the right direction? I want to make sure I follow the correct process. Appreciate the help! Thanks a bunch, Jamie Lee | Product Development Acme Co. • Remote • they/them",Other,Medium
Access Issue with Internal File Server,"3:15 PM

**John Doe ![:file_folder:](https://slack-imgs.com/?c=1&o1=gu&url=https%3A%2F%2Fa.slack-edge.com%2Fproduction-standard-emoji-assets%2F14.0%2Fapple-large%2F1f4c1.png)**

Hi IT Team, hope you're all doing well! I'm encountering a bit of a snag and was hoping you could assist or point me in the right direction. I'm unable to access a specific internal file server, and I suspect it might be due to a complex Active Directory group policy misconfiguration. It seems like the group policy settings and user permissions might need a detailed investigation and manual adjustment. Could you please help me out with this? I need access to the server to complete a project that's due soon. Thanks a bunch!

3:20 PM

**IT Support ![:computer:](https://slack-imgs.com/?c=1&o1=gu&url=https%3A%2F%2Femoji.slack-edge.com%2FT02T2CNL7%2Fcomputer%2Ff3b8f1a2e3.png)**

Hey John, thanks for reaching out! Sorry to hear about the access issue. We can definitely look into this for you. For us to proceed, could you please provide the exact error message you're receiving when trying to access the server? This will help us pinpoint the problem more efficiently. Let us know if you have any questions!","Access Issue with Internal File Server. 3:15 PM

**John Doe ![:file_folder:](https://slack-imgs.com/?c=1&o1=gu&url=https%3A%2F%2Fa.slack-edge.com%2Fproduction-standard-emoji-assets%2F14.0%2Fapple-large%2F1f4c1.png)**

Hi IT Team, hope you're all doing well! I'm encountering a bit of a snag and was hoping you could assist or point me in the right direction. I'm unable to access a specific internal file server, and I suspect it might be due to a complex Active Directory group policy misconfiguration. It seems like the group policy settings and user permissions might need a detailed investigation and manual adjustment. Could you please help me out with this? I need access to the server to complete a project that's due soon. Thanks a bunch!

3:20 PM

**IT Support ![:computer:](https://slack-imgs.com/?c=1&o1=gu&url=https%3A%2F%2Femoji.slack-edge.com%2FT02T2CNL7%2Fcomputer%2Ff3b8f1a2e3.png)**

Hey John, thanks for reaching out! Sorry to hear about the access issue. We can definitely look into this for you. For us to proceed, could you please provide the exact error message you're receiving when trying to access the server? This will help us pinpoint the problem more efficiently. Let us know if you have any questions!",Network,High
Regarding shared network drive access.,"HI IT Team, I'm having trouble accessing some newly added folders on the shared network drive. Despite having the correct permissions and mapping settings, I still can't access them. Could you please assist? Thanks","Regarding shared network drive access.. HI IT Team, I'm having trouble accessing some newly added folders on the shared network drive. Despite having the correct permissions and mapping settings, I still can't access them. Could you please assist? Thanks",Network,Medium
Alert: VPN Connection Issue - Frequent Disconnections (user@acme.co),"Notification from Acme VPN Service


Acme VPN Image


This VPN connection issue alert is to inform you that the user is experiencing frequent disconnections and inconsistent access to internal resources despite correct configuration and credentials.

The alert details include:


User: user@acme.co (user@acme.co)

By: VPN Service Account (vpn-service@acme.co)

Date: Mon, Oct 30 2023 09:15 UTC

Alert Center is not enabled for this rule. Alert Center can provide additional details, investigation options, and remediation recommendations. To enable, turn on alerts in the rule detail page.


Go to Rule Details


You have received this important update about your Acme VPN account because you are the designated admin recipient for this alert type. You can turn off these alerts or change the email recipients in the Rules section of the Admin Console.

Acme LLC 1234 Elm Street Anytown, USA


-- 
You received this message because you are subscribed to the Acme Groups ""Network Support"" group. To unsubscribe from this group and stop receiving emails from it, send an email to network+unsubscribe@acme.co.","Alert: VPN Connection Issue - Frequent Disconnections (user@acme.co). Notification from Acme VPN Service


Acme VPN Image


This VPN connection issue alert is to inform you that the user is experiencing frequent disconnections and inconsistent access to internal resources despite correct configuration and credentials.

The alert details include:


User: user@acme.co (user@acme.co)

By: VPN Service Account (vpn-service@acme.co)

Date: Mon, Oct 30 2023 09:15 UTC

Alert Center is not enabled for this rule. Alert Center can provide additional details, investigation options, and remediation recommendations. To enable, turn on alerts in the rule detail page.


Go to Rule Details


You have received this important update about your Acme VPN account because you are the designated admin recipient for this alert type. You can turn off these alerts or change the email recipients in the Rules section of the Admin Console.

Acme LLC 1234 Elm Street Anytown, USA


-- 
You received this message because you are subscribed to the Acme Groups ""Network Support"" group. To unsubscribe from this group and stop receiving emails from it, send an email to network+unsubscribe@acme.co.",Network,High
Assistance Required for Syncing Google Calendar with Scheduling System,"Hello! I am reaching out hoping to get some assistance with syncing a newly created Google Calendar with our company-wide scheduling system. The integration seems to be having issues, and it's crucial for our team to have this calendar in sync to avoid any scheduling conflicts. We have tried the usual troubleshooting steps, but the problem persists. Could you please look into this at your earliest convenience? Thank you for your help! -- Alex Johnson | Operations Coordinator Acme Co (https://acme.co/alex-johnson) • New York, NY","Assistance Required for Syncing Google Calendar with Scheduling System. Hello! I am reaching out hoping to get some assistance with syncing a newly created Google Calendar with our company-wide scheduling system. The integration seems to be having issues, and it's crucial for our team to have this calendar in sync to avoid any scheduling conflicts. We have tried the usual troubleshooting steps, but the problem persists. Could you please look into this at your earliest convenience? Thank you for your help! -- Alex Johnson | Operations Coordinator Acme Co (https://acme.co/alex-johnson) • New York, NY",Software,Medium
Access Issue with Internal Web Application - Browser Compatibility,User unable to access a specific internal web application due to suspected browser compatibility issues. Detailed investigation and manual configuration of browser settings required. Potential application-side adjustments may also be necessary. Please advise on the best course of action to resolve this issue.,Access Issue with Internal Web Application - Browser Compatibility. User unable to access a specific internal web application due to suspected browser compatibility issues. Detailed investigation and manual configuration of browser settings required. Potential application-side adjustments may also be necessary. Please advise on the best course of action to resolve this issue.,Software,High
Access Request for GH Codebase,"Team, quick question. how do I get access to the GH codebase? thanks","Access Request for GH Codebase. Team, quick question. how do I get access to the GH codebase? thanks",Account,Medium
Assistance Required for Multi-Monitor Setup,"Hi! I'm trying to set up a dual monitor configuration at my workstation, but I'm encountering an issue. One of the monitors is displaying incorrect color calibration despite following all connection guidelines and ensuring the correct drivers are installed. Could you help me resolve this? I've double-checked the cables and settings, but the problem persists. Thank you!","Assistance Required for Multi-Monitor Setup. Hi! I'm trying to set up a dual monitor configuration at my workstation, but I'm encountering an issue. One of the monitors is displaying incorrect color calibration despite following all connection guidelines and ensuring the correct drivers are installed. Could you help me resolve this? I've double-checked the cables and settings, but the problem persists. Thank you!",Hardware,Medium
Troubleshooting VPN Connection Errors,"Hi,Could you please provide instructions on troubleshooting common VPN connection errors? Our team is experiencing frequent disconnections and error messages. Thank you!","Troubleshooting VPN Connection Errors. Hi,Could you please provide instructions on troubleshooting common VPN connection errors? Our team is experiencing frequent disconnections and error messages. Thank you!",Network,Medium
Intermittent Slow Internet Connection on Office Floor: Requires On-Site Network Assessment and Configuration Adjustment,"We've been experiencing intermittent slow internet connection on the office floor. An on-site network assessment and configuration adjustment is required to resolve this issue. Please coordinate with the network team to schedule a visit and perform the necessary adjustments. Ensure that all network devices are checked and optimized for performance. If additional equipment is needed, please submit a request to [Procurement](https://acme.co/procurement) for approval.","Intermittent Slow Internet Connection on Office Floor: Requires On-Site Network Assessment and Configuration Adjustment. We've been experiencing intermittent slow internet connection on the office floor. An on-site network assessment and configuration adjustment is required to resolve this issue. Please coordinate with the network team to schedule a visit and perform the necessary adjustments. Ensure that all network devices are checked and optimized for performance. If additional equipment is needed, please submit a request to [Procurement](https://acme.co/procurement) for approval.",Network,High
Access Request: DB Storage Folder - john.doe@acme.co,"Notification from Acme IT

Acme IT Image

This Access Request alert is to inform you that a request for access to the DB storage folder has been submitted.

The request details include:

Requester: john.doe@acme.co (john.doe@acme.co)

By: Service Account (it-service@acme.co)

Date: Mon, Oct 16 2023 14:32 UTC

Access Center is not enabled for this request. Access Center can provide additional details, investigation options, and approval recommendations. To enable, turn on access requests in the request detail page.

Go to Request Details

You have received this important update about your Acme IT account because you are the designated admin recipient for this request type. You can turn off these alerts or change the email recipients in the Requests section of the Admin Console.

Acme LLC 123 Innovation Drive Tech City, TX 75001

-- 
You received this message because you are subscribed to the Acme Groups ""IT Support"" group. To unsubscribe from this group and stop receiving emails from it, send an email to itsupport+unsubscribe@acme.co.","Access Request: DB Storage Folder - john.doe@acme.co. Notification from Acme IT

Acme IT Image

This Access Request alert is to inform you that a request for access to the DB storage folder has been submitted.

The request details include:

Requester: john.doe@acme.co (john.doe@acme.co)

By: Service Account (it-service@acme.co)

Date: Mon, Oct 16 2023 14:32 UTC

Access Center is not enabled for this request. Access Center can provide additional details, investigation options, and approval recommendations. To enable, turn on access requests in the request detail page.

Go to Request Details

You have received this important update about your Acme IT account because you are the designated admin recipient for this request type. You can turn off these alerts or change the email recipients in the Requests section of the Admin Console.

Acme LLC 123 Innovation Drive Tech City, TX 75001

-- 
You received this message because you are subscribed to the Acme Groups ""IT Support"" group. To unsubscribe from this group and stop receiving emails from it, send an email to itsupport+unsubscribe@acme.co.",Account,Medium
Inability to Configure Firewall Settings Despite Guidelines,"I am unable to configure the firewall settings on my workstation even after following the ""Securing Your Workstation"" guidelines. It seems like there might be a security alert preventing the changes. Could you please assist in investigating and resolving this issue?","Inability to Configure Firewall Settings Despite Guidelines. I am unable to configure the firewall settings on my workstation even after following the ""Securing Your Workstation"" guidelines. It seems like there might be a security alert preventing the changes. Could you please assist in investigating and resolving this issue?",Security,High
DBox Cloud Storage Access Request,"Hi IT Team, Creating this ticket to document the access request for DBox Cloud Storage integration as per IT Ticket 30987!","DBox Cloud Storage Access Request. Hi IT Team, Creating this ticket to document the access request for DBox Cloud Storage integration as per IT Ticket 30987!",Software,Medium
Need help with leave request submission,"Hi there! I'm trying to figure out how to submit a leave request through the company intranet, but I'm not sure where to start. Is there a specific section I should be looking at, or any instructions available? I want to make sure I do it correctly to avoid any issues. Thank you!","Need help with leave request submission. Hi there! I'm trying to figure out how to submit a leave request through the company intranet, but I'm not sure where to start. Is there a specific section I should be looking at, or any instructions available? I want to make sure I do it correctly to avoid any issues. Thank you!",Other,Medium
Alex Johnson - Access Request for Asana Task Assignment Feature,"Attention Acme IT, A request has been made to grant access to the Asana Task Assignment feature. Please review the information below and determine if any action is necessary to enable this feature for the user. Transaction: ""Access Request: Alex Johnson"" Asana ID: 12345abcde67890fghij Effective Date: 2024-09-01 Date and Time Completed: 2024-09-02T09:30:00.000-07:00 PST (Asana Server Time Zone) Worker: Alex Johnson Worker Type: EE Email: alex.johnson@acme.co --------------------------------------------------------------- This email was generated from Asana ""acme - PROD"" on behalf of Acme HR. Please DO NOT REPLY to this email.","Alex Johnson - Access Request for Asana Task Assignment Feature. Attention Acme IT, A request has been made to grant access to the Asana Task Assignment feature. Please review the information below and determine if any action is necessary to enable this feature for the user. Transaction: ""Access Request: Alex Johnson"" Asana ID: 12345abcde67890fghij Effective Date: 2024-09-01 Date and Time Completed: 2024-09-02T09:30:00.000-07:00 PST (Asana Server Time Zone) Worker: Alex Johnson Worker Type: EE Email: alex.johnson@acme.co --------------------------------------------------------------- This email was generated from Asana ""acme - PROD"" on behalf of Acme HR. Please DO NOT REPLY to this email.",Software,Medium
Request for Zoom Admin Access,I need admin access to our Zoom account to manage user settings and webinars. Please grant the necessary permissions.,Request for Zoom Admin Access. I need admin access to our Zoom account to manage user settings and webinars. Please grant the necessary permissions.,Software,Medium
Remote Desktop Access Configuration,I need help setting up remote desktop access on my personal laptop. I'm not sure how to configure it properly and would appreciate some guidance.,Remote Desktop Access Configuration. I need help setting up remote desktop access on my personal laptop. I'm not sure how to configure it properly and would appreciate some guidance.,RemoteWork,Medium
Document Access Permissions,"Nathan,\n\nAnother issue. This is with our enterprise cloud-based document management system. The document access permissions are intermittently failing to apply correctly. I've had to manually adjust the permission settings multiple times. It seems like there might be an issue with the user role configurations as well.\n\nAny thoughts?\n\nJohn","Document Access Permissions. Nathan,\n\nAnother issue. This is with our enterprise cloud-based document management system. The document access permissions are intermittently failing to apply correctly. I've had to manually adjust the permission settings multiple times. It seems like there might be an issue with the user role configurations as well.\n\nAny thoughts?\n\nJohn",Software,High
Instructions Needed: Accessing Shared Network Drive from New Laptop,"Hello IT, I've just received my new company-issued laptop and need to access the shared network drive. Could you please provide the necessary instructions or configurations required to set this up? If there are any specific permissions or software installations needed, kindly let me know. Looking forward to your guidance on this. Thank you. Alex","Instructions Needed: Accessing Shared Network Drive from New Laptop. Hello IT, I've just received my new company-issued laptop and need to access the shared network drive. Could you please provide the necessary instructions or configurations required to set this up? If there are any specific permissions or software installations needed, kindly let me know. Looking forward to your guidance on this. Thank you. Alex",Network,Medium
Scheduling Regular Data Backup Reminders,"Please provide detailed instructions on how to schedule regular data backup reminders using the company-approved software. Ensure that the steps are clear and easy to follow. Once completed, please upload any relevant documentation to the IT Shared Drive -> Backup Instructions folder -> '202x - Qx' folder (X being the current year and x being the current quarter).","Scheduling Regular Data Backup Reminders. Please provide detailed instructions on how to schedule regular data backup reminders using the company-approved software. Ensure that the steps are clear and easy to follow. Once completed, please upload any relevant documentation to the IT Shared Drive -> Backup Instructions folder -> '202x - Qx' folder (X being the current year and x being the current quarter).",Software,Medium
GitHub Org Repos Access Request,"Hi IT Team, I'm having trouble accessing the GitHub organization repositories. Could you please grant me the necessary permissions? I need access to collaborate on upcoming projects. Let me know if you need any more information from my side. Thanks!","GitHub Org Repos Access Request. Hi IT Team, I'm having trouble accessing the GitHub organization repositories. Could you please grant me the necessary permissions? I need access to collaborate on upcoming projects. Let me know if you need any more information from my side. Thanks!",Account,Medium
Legacy Software System Access Issue,"Hi,

I've been trying to set up access for a new hire to our legacy software system, but we're running into authentication issues. We've followed the ""New Hire 101 FAQ"" guidelines and ensured that the credentials are entered correctly, but the user is still unable to authenticate. Could you please assist us in resolving this?

Thank you!

--

Alex Johnson

|

HR Coordinator

|

+1 312 555 0199

Human Resources at Acme Co.","Legacy Software System Access Issue. Hi,

I've been trying to set up access for a new hire to our legacy software system, but we're running into authentication issues. We've followed the ""New Hire 101 FAQ"" guidelines and ensured that the credentials are entered correctly, but the user is still unable to authenticate. Could you please assist us in resolving this?

Thank you!

--

Alex Johnson

|

HR Coordinator

|

+1 312 555 0199

Human Resources at Acme Co.",Software,High
Assistance Required for Configuring Multi-Factor Authentication,"Hello IT, I am having trouble completing the setup for Multi-Factor Authentication due to conflicting security policies between our corporate and departmental IT systems. Could you please assist in resolving this issue? The goal is to ensure seamless integration without compromising security protocols. Please let me know if you need any further information or have any questions. Thank you.","Assistance Required for Configuring Multi-Factor Authentication. Hello IT, I am having trouble completing the setup for Multi-Factor Authentication due to conflicting security policies between our corporate and departmental IT systems. Could you please assist in resolving this issue? The goal is to ensure seamless integration without compromising security protocols. Please let me know if you need any further information or have any questions. Thank you.",Security,High
Alert: Printer Connectivity Issue - Office Printer Not Recognized,"Notification from Acme IT Support

Acme IT Support Image

This Printer Connectivity Issue alert is to inform you that the office printer is not being recognized by the network despite correct configuration and driver installation.

The alert details include:

Printer Model: HP LaserJet Pro M404

Location: 3rd Floor, Room 305

Date: Mon, Oct 16 2023 10:45 UTC

Network diagnostics have not been enabled for this issue. Network diagnostics can provide additional details, investigation options, and remediation recommendations. To enable, please contact the IT support team.

Contact IT Support

You have received this important update about your office equipment because you are the designated admin recipient for this alert type. You can turn off these alerts or change the email recipients in the Equipment section of the Admin Console.

Acme Co 123 Business Road Metropolis, NY 10001

-- 
You received this message because you are subscribed to the Acme Co ""Office Equipment"" group. To unsubscribe from this group and stop receiving emails from it, send an email to officeequipment+unsubscribe@acme.co.","Alert: Printer Connectivity Issue - Office Printer Not Recognized. Notification from Acme IT Support

Acme IT Support Image

This Printer Connectivity Issue alert is to inform you that the office printer is not being recognized by the network despite correct configuration and driver installation.

The alert details include:

Printer Model: HP LaserJet Pro M404

Location: 3rd Floor, Room 305

Date: Mon, Oct 16 2023 10:45 UTC

Network diagnostics have not been enabled for this issue. Network diagnostics can provide additional details, investigation options, and remediation recommendations. To enable, please contact the IT support team.

Contact IT Support

You have received this important update about your office equipment because you are the designated admin recipient for this alert type. You can turn off these alerts or change the email recipients in the Equipment section of the Admin Console.

Acme Co 123 Business Road Metropolis, NY 10001

-- 
You received this message because you are subscribed to the Acme Co ""Office Equipment"" group. To unsubscribe from this group and stop receiving emails from it, send an email to officeequipment+unsubscribe@acme.co.",Network,Medium
Access Request for DBox Paper Collaboration Tool,"Hi IT Team, I hope this message finds you well. I'm reaching out to request access to the DBox Paper Collaboration Tool for our upcoming project. This tool is essential for our team's document management and collaboration needs. Could you please assist in setting up my access at your earliest convenience? Thank you for your support! Best, Alex Johnson","Access Request for DBox Paper Collaboration Tool. Hi IT Team, I hope this message finds you well. I'm reaching out to request access to the DBox Paper Collaboration Tool for our upcoming project. This tool is essential for our team's document management and collaboration needs. Could you please assist in setting up my access at your earliest convenience? Thank you for your support! Best, Alex Johnson",Software,Medium
Access Request for JIRA Sprint Planning Tool,Hello! I seem to have lost access to the JIRA Sprint Planning Tool. I think it might have happened when I was cleaning up my permissions and accidentally removed it. Could you help me regain access? It's crucial for my current project planning. Thank you!,Access Request for JIRA Sprint Planning Tool. Hello! I seem to have lost access to the JIRA Sprint Planning Tool. I think it might have happened when I was cleaning up my permissions and accidentally removed it. Could you help me regain access? It's crucial for my current project planning. Thank you!,Software,Medium
Assistance Required for Configuring Multi-Monitor Setup,"Hi IT,

I'm having trouble extending my display across all monitors despite having the correct connections and display settings. I suspect there might be an issue with the graphics card or the cables that might need a physical inspection. Could someone assist me with this setup?

Let me know if you need any more details.

Thanks,
Alex","Assistance Required for Configuring Multi-Monitor Setup. Hi IT,

I'm having trouble extending my display across all monitors despite having the correct connections and display settings. I suspect there might be an issue with the graphics card or the cables that might need a physical inspection. Could someone assist me with this setup?

Let me know if you need any more details.

Thanks,
Alex",Hardware,Medium
Request: Password Reset Instructions Needed - cloud.user@acme.co,"Notification from Acme Cloud Services

Acme Cloud Storage Image

This Password Reset Request is to inform you that a user has requested instructions for resetting a forgotten password for the company's cloud storage service.

The request details include:

User: cloud.user@acme.co

By: Self-Service Portal (user-portal@acme.co)

Date: Wed, Oct 25 2023 15:45 UTC

Support Center is not enabled for this request. Support Center can provide additional details, step-by-step instructions, and troubleshooting tips. To enable, turn on support in the user settings page.

Go to User Settings

You have received this important update about your Acme Cloud account because you are the designated admin recipient for this request type. You can turn off these notifications or change the email recipients in the Notifications section of the Admin Console.

Acme Corporation 123 Innovation Drive Tech City, TX 75001

-- 
You received this message because you are subscribed to the Acme Groups ""Cloud Support"" group. To unsubscribe from this group and stop receiving emails from it, send an email to cloudsupport+unsubscribe@acme.co.","Request: Password Reset Instructions Needed - cloud.user@acme.co. Notification from Acme Cloud Services

Acme Cloud Storage Image

This Password Reset Request is to inform you that a user has requested instructions for resetting a forgotten password for the company's cloud storage service.

The request details include:

User: cloud.user@acme.co

By: Self-Service Portal (user-portal@acme.co)

Date: Wed, Oct 25 2023 15:45 UTC

Support Center is not enabled for this request. Support Center can provide additional details, step-by-step instructions, and troubleshooting tips. To enable, turn on support in the user settings page.

Go to User Settings

You have received this important update about your Acme Cloud account because you are the designated admin recipient for this request type. You can turn off these notifications or change the email recipients in the Notifications section of the Admin Console.

Acme Corporation 123 Innovation Drive Tech City, TX 75001

-- 
You received this message because you are subscribed to the Acme Groups ""Cloud Support"" group. To unsubscribe from this group and stop receiving emails from it, send an email to cloudsupport+unsubscribe@acme.co.",Account,Medium
DBox Pro Account Features Access,Hi! I noticed that I don't have access to the Pro features in DBox anymore. Could you help me regain access to those? Thanks!,DBox Pro Account Features Access. Hi! I noticed that I don't have access to the Pro features in DBox anymore. Could you help me regain access to those? Thanks!,Account,Medium
Alert: Intermittent Screen Sharing Failure - Enterprise Wireless Presentation System,"Notification from Acme IT Support

Acme Wireless Presentation System Alert

This intermittent screen sharing failure alert is to inform you that a persistent issue has been detected with the enterprise wireless presentation system.

The alert details include:

Issue: Intermittent Screen Sharing Failure

By: User Report (it-support@acme.co)

Date: Mon, Oct 30 2023 09:00 UTC

Detailed investigation and manual adjustment of network settings are required. Potential inspection of device compatibility and firmware updates may also be necessary. Alert Center is not enabled for this rule. Alert Center can provide additional details, investigation options, and remediation recommendations. To enable, turn on alerts in the rule detail page.

Go to Rule Details

You have received this important update about your Acme Wireless Presentation System because you are the designated admin recipient for this alert type. You can turn off these alerts or change the email recipients in the Rules section of the Admin Console.

Acme Co 1234 Elm Street Springfield, IL 62701

-- 
You received this message because you are subscribed to the Acme Groups ""IT Support"" group. To unsubscribe from this group and stop receiving emails from it, send an email to itsupport+unsubscribe@acme.co.","Alert: Intermittent Screen Sharing Failure - Enterprise Wireless Presentation System. Notification from Acme IT Support

Acme Wireless Presentation System Alert

This intermittent screen sharing failure alert is to inform you that a persistent issue has been detected with the enterprise wireless presentation system.

The alert details include:

Issue: Intermittent Screen Sharing Failure

By: User Report (it-support@acme.co)

Date: Mon, Oct 30 2023 09:00 UTC

Detailed investigation and manual adjustment of network settings are required. Potential inspection of device compatibility and firmware updates may also be necessary. Alert Center is not enabled for this rule. Alert Center can provide additional details, investigation options, and remediation recommendations. To enable, turn on alerts in the rule detail page.

Go to Rule Details

You have received this important update about your Acme Wireless Presentation System because you are the designated admin recipient for this alert type. You can turn off these alerts or change the email recipients in the Rules section of the Admin Console.

Acme Co 1234 Elm Street Springfield, IL 62701

-- 
You received this message because you are subscribed to the Acme Groups ""IT Support"" group. To unsubscribe from this group and stop receiving emails from it, send an email to itsupport+unsubscribe@acme.co.",Network,High
Critical Software Update Installation Issue,"Hello IT Team! 

I'm having trouble installing a critical software update due to what seems to be a system registry corruption. Could someone look into this and manually repair the registry entries? It's crucial for the update to be installed to maintain system stability. 

Thanks a lot!

Best,

Jordan

--

Jordan Smith  |  Senior Analyst

Acme Co (https://acme.co/)   •  New York, NY

CONFIDENTIALITY NOTICE: The contents of this email message and any attachments are intended solely for the addressee(s) and may contain confidential and/or privileged information and may be legally protected from disclosure. If you are not the intended recipient of this message or their agent, or if this message has been addressed to you in error, please immediately alert the sender by reply email and then delete this message and any attachments. If you are not the intended recipient, you are hereby notified that any use, dissemination, copying, or storage of this message or its attachments is strictly prohibited.

DISCLAIMER: Email Does Not Constitute a Binding Agreement. This email does not constitute an agreement to conduct transactions by electronic means and does not create any legally binding contract or enforceable obligation in the absence of a fully signed written contract. Any contract terms contained in this email are subject to approval by Acme Co and are not binding until Acme Co provides such approval in writing.","Critical Software Update Installation Issue. Hello IT Team! 

I'm having trouble installing a critical software update due to what seems to be a system registry corruption. Could someone look into this and manually repair the registry entries? It's crucial for the update to be installed to maintain system stability. 

Thanks a lot!

Best,

Jordan

--

Jordan Smith  |  Senior Analyst

Acme Co (https://acme.co/)   •  New York, NY

CONFIDENTIALITY NOTICE: The contents of this email message and any attachments are intended solely for the addressee(s) and may contain confidential and/or privileged information and may be legally protected from disclosure. If you are not the intended recipient of this message or their agent, or if this message has been addressed to you in error, please immediately alert the sender by reply email and then delete this message and any attachments. If you are not the intended recipient, you are hereby notified that any use, dissemination, copying, or storage of this message or its attachments is strictly prohibited.

DISCLAIMER: Email Does Not Constitute a Binding Agreement. This email does not constitute an agreement to conduct transactions by electronic means and does not create any legally binding contract or enforceable obligation in the absence of a fully signed written contract. Any contract terms contained in this email are subject to approval by Acme Co and are not binding until Acme Co provides such approval in writing.",Software,High
Asana Task Scheduling Feature Access,"I can't access the task scheduling feature in Asana. Can I get access to this feature, please?","Asana Task Scheduling Feature Access. I can't access the task scheduling feature in Asana. Can I get access to this feature, please?",Software,Medium
VM Snapshots Intermittently Failing,"Hi IT team,\n\n+CC'ing Alex, my direct manager.\n\nI'm experiencing persistent issues with our enterprise virtual machine management system. The VM snapshots intermittently fail to complete, which requires a detailed investigation and manual adjustment of the snapshot settings. There might also be a need to inspect the storage infrastructure.\n\nPlease find below a screenshot of the error message.\n\nI'm located at the Acme Co. headquarters, in case you need to check the physical setup.\n\nThanks,\n\nJordan Smith  |  IT Operations Specialist\n\nAcme Co. (https://acme.co/)   •  Help Center (https://acme.co/help)   •  Submit a ticket (https://acme.co/support)","VM Snapshots Intermittently Failing. Hi IT team,\n\n+CC'ing Alex, my direct manager.\n\nI'm experiencing persistent issues with our enterprise virtual machine management system. The VM snapshots intermittently fail to complete, which requires a detailed investigation and manual adjustment of the snapshot settings. There might also be a need to inspect the storage infrastructure.\n\nPlease find below a screenshot of the error message.\n\nI'm located at the Acme Co. headquarters, in case you need to check the physical setup.\n\nThanks,\n\nJordan Smith  |  IT Operations Specialist\n\nAcme Co. (https://acme.co/)   •  Help Center (https://acme.co/help)   •  Submit a ticket (https://acme.co/support)",Other,High
Access issue with internal reporting tool due to database query optimization,"User unable to access specific internal reporting tool due to suspected complex database query optimization issues, requiring detailed investigation and manual adjustment of query configurations and database indexing.","Access issue with internal reporting tool due to database query optimization. User unable to access specific internal reporting tool due to suspected complex database query optimization issues, requiring detailed investigation and manual adjustment of query configurations and database indexing.",Software,High
Request Access to Slack Channels,"Hello, Would you please grant me access to the company chat channels on Slack? Thank you!","Request Access to Slack Channels. Hello, Would you please grant me access to the company chat channels on Slack? Thank you!",Communication,Medium
Re: [Acme IT] Re: Ticket #98765 - Access Issue with Shared Network Drive,"This is a follow-up to your previous request #98765 ""Access Issue with Shared Network Drive""

Hello!

I'm having trouble accessing the shared network drive. It used to work fine, but now I'm getting permission errors that seem quite complex. I believe it might require a detailed audit and manual adjustment to resolve.

Here's a screenshot of the error message (https://acme.co/share/error-screenshot) . I've tried basic troubleshooting steps like checking my network connection and restarting my computer.

Thanks, and please let me know if there's anything else I should try!","Re: [Acme IT] Re: Ticket #98765 - Access Issue with Shared Network Drive. This is a follow-up to your previous request #98765 ""Access Issue with Shared Network Drive""

Hello!

I'm having trouble accessing the shared network drive. It used to work fine, but now I'm getting permission errors that seem quite complex. I believe it might require a detailed audit and manual adjustment to resolve.

Here's a screenshot of the error message (https://acme.co/share/error-screenshot) . I've tried basic troubleshooting steps like checking my network connection and restarting my computer.

Thanks, and please let me know if there's anything else I should try!",Network,High
Persistent Issues with Biometric Authentication System,"User experiencing persistent issues with biometric authentication system failing to recognize fingerprints, requiring detailed investigation and manual recalibration of the fingerprint scanner hardware and software settings. Request details: Requester email: jane.doe@acme.co Requester name: Jane Doe Requester department: IT Support Application affected: Biometric Authentication System Issue reported at: 2024-05-06T10:30:00-07:00 Request note: System fails to recognize fingerprints consistently, affecting user access. Manual recalibration needed for both hardware and software settings. Request review details: Reviewed by: john.smith@acme.co Reviewed at: 2024-05-06T11:00:00-07:00 Review status: PENDING Fulfillment details: Fulfillment channel: in-person support Executed at: 2024-05-06T11:30:00-07:00","Persistent Issues with Biometric Authentication System. User experiencing persistent issues with biometric authentication system failing to recognize fingerprints, requiring detailed investigation and manual recalibration of the fingerprint scanner hardware and software settings. Request details: Requester email: jane.doe@acme.co Requester name: Jane Doe Requester department: IT Support Application affected: Biometric Authentication System Issue reported at: 2024-05-06T10:30:00-07:00 Request note: System fails to recognize fingerprints consistently, affecting user access. Manual recalibration needed for both hardware and software settings. Request review details: Reviewed by: john.smith@acme.co Reviewed at: 2024-05-06T11:00:00-07:00 Review status: PENDING Fulfillment details: Fulfillment channel: in-person support Executed at: 2024-05-06T11:30:00-07:00",Hardware,High
Urgent! Assistance Required for Dual Monitor Setup,"Hey, 

I've been trying to set up a dual monitor configuration on my workstation, but the monitors aren't being detected despite following all the connection guidelines provided. 

Could you please check if there's something wrong with the workstation settings or if I need any additional drivers? I need this resolved quickly as it's affecting my productivity.

Thanks,
Alex","Urgent! Assistance Required for Dual Monitor Setup. Hey, 

I've been trying to set up a dual monitor configuration on my workstation, but the monitors aren't being detected despite following all the connection guidelines provided. 

Could you please check if there's something wrong with the workstation settings or if I need any additional drivers? I need this resolved quickly as it's affecting my productivity.

Thanks,
Alex",Hardware,Urgent
Hi there! Can I get help with my VPN connection? Thanks!,Hi there! I'm having trouble establishing a secure VPN connection even though I've followed all the configuration guidelines and used the correct credentials. Can you help me out? Thanks!,Hi there! Can I get help with my VPN connection? Thanks!. Hi there! I'm having trouble establishing a secure VPN connection even though I've followed all the configuration guidelines and used the correct credentials. Can you help me out? Thanks!,Network,Medium
Instructions Needed for Password Reset on Internal Ticketing System,"Hello IT, I've forgotten my password for the company's internal ticketing system and am unable to access my account. Could you please provide me with the instructions to reset it? I tried the 'Forgot Password' link, but it seems to be unresponsive. If there's a specific procedure or if you need any additional information from my side, please let me know. Thank you for your assistance. Best, Alex","Instructions Needed for Password Reset on Internal Ticketing System. Hello IT, I've forgotten my password for the company's internal ticketing system and am unable to access my account. Could you please provide me with the instructions to reset it? I tried the 'Forgot Password' link, but it seems to be unresponsive. If there's a specific procedure or if you need any additional information from my side, please let me know. Thank you for your assistance. Best, Alex",Account,Medium
Intermittent API Authentication Failures,"Hi there, I'm experiencing persistent issues with our enterprise cloud-based application where specific API endpoints intermittently fail to authenticate. This requires a detailed investigation and manual adjustment of the API authentication settings. Could you also inspect the token management protocols? Your assistance would be greatly appreciated! Thank you!! Alex Johnson | Cloud Solutions Specialist Acme Co. ● Remote ● He/Him/His","Intermittent API Authentication Failures. Hi there, I'm experiencing persistent issues with our enterprise cloud-based application where specific API endpoints intermittently fail to authenticate. This requires a detailed investigation and manual adjustment of the API authentication settings. Could you also inspect the token management protocols? Your assistance would be greatly appreciated! Thank you!! Alex Johnson | Cloud Solutions Specialist Acme Co. ● Remote ● He/Him/His",Software,High
Fwd: Breakout Room Assignment Issues,"Please investigate persistent issues with breakout room assignments in our enterprise video conferencing platform. Users are experiencing intermittent failures in participant assignment, requiring manual adjustments and potential inspection of user account configurations.","Fwd: Breakout Room Assignment Issues. Please investigate persistent issues with breakout room assignments in our enterprise video conferencing platform. Users are experiencing intermittent failures in participant assignment, requiring manual adjustments and potential inspection of user account configurations.",Software,High
j.doe@acme.co Google Calendar Setup Assistance,We need to set up a new Google Calendar for team scheduling. Please assist with the following steps: - Creating the calendar - Sharing with team members - Setting permissions,j.doe@acme.co Google Calendar Setup Assistance. We need to set up a new Google Calendar for team scheduling. Please assist with the following steps: - Creating the calendar - Sharing with team members - Setting permissions,Software,Medium
Media Files Rendering Issue - Digital Asset Management,Investigate persistent issues with media files intermittently failing to render correctly in the digital asset management system. Requires detailed investigation and manual adjustment of media encoding settings. Potential inspection of server-side processing workflows needed.,Media Files Rendering Issue - Digital Asset Management. Investigate persistent issues with media files intermittently failing to render correctly in the digital asset management system. Requires detailed investigation and manual adjustment of media encoding settings. Potential inspection of server-side processing workflows needed.,Software,High
Data Analytics Platform Issue,"Hi, I'm experiencing persistent issues with our enterprise data analytics platform. The scheduled data refreshes intermittently fail, and I need to manually adjust the data source connections. Could you please investigate this and inspect the ETL process configurations? Thanks, Alex","Data Analytics Platform Issue. Hi, I'm experiencing persistent issues with our enterprise data analytics platform. The scheduled data refreshes intermittently fail, and I need to manually adjust the data source connections. Could you please investigate this and inspect the ETL process configurations? Thanks, Alex",Software,High
Access Request for Asana Task List,"We have a new team member, Alex Johnson (alex.johnson@acme.co), who requires access to the Asana Task List for the Marketing Project. Please ensure that Alex is granted the necessary permissions to view and edit tasks within the project.","Access Request for Asana Task List. We have a new team member, Alex Johnson (alex.johnson@acme.co), who requires access to the Asana Task List for the Marketing Project. Please ensure that Alex is granted the necessary permissions to view and edit tasks within the project.",Account,Medium
Hi all! The IT team is requesting access to the ZDesk Support System.,"Hi all! The IT team is requesting access to the ZDesk Support System for enhanced support capabilities. This access would streamline our support processes and improve response times for customer inquiries. The access would include the following features (based on our requirements):

User Management
Ticket Prioritization
Analytics Dashboard
Custom Reporting
Integration with existing CRM

For more information about the ZDesk Support System, check out the following page: https://acme.co/zdesk-support.

If you have any additional questions let me know!

Thanks, and happy Friday!
--

Jordan Lee | _IT Support Specialist_

Acme Co • Help Center • New York, NY

![](https://acme.co/images/zdesk-support)","Hi all! The IT team is requesting access to the ZDesk Support System.. Hi all! The IT team is requesting access to the ZDesk Support System for enhanced support capabilities. This access would streamline our support processes and improve response times for customer inquiries. The access would include the following features (based on our requirements):

User Management
Ticket Prioritization
Analytics Dashboard
Custom Reporting
Integration with existing CRM

For more information about the ZDesk Support System, check out the following page: https://acme.co/zdesk-support.

If you have any additional questions let me know!

Thanks, and happy Friday!
--

Jordan Lee | _IT Support Specialist_

Acme Co • Help Center • New York, NY

![](https://acme.co/images/zdesk-support)",Software,Medium
MFA Setup for VPN Access,"Hello IT Pals, I need instructions on setting up multi-factor authentication for accessing the company VPN. Thanks!","MFA Setup for VPN Access. Hello IT Pals, I need instructions on setting up multi-factor authentication for accessing the company VPN. Thanks!",Security,Medium
Persistent Issues with Data Governance Platform,"Hello IT Team, I'm experiencing persistent issues with our enterprise cloud-based data governance platform. Specifically, the data classification policies intermittently fail to apply, which requires a detailed investigation and manual adjustment of policy configurations. Additionally, there might be a need to inspect the data source integration settings. Could you please look into this? Thank you!","Persistent Issues with Data Governance Platform. Hello IT Team, I'm experiencing persistent issues with our enterprise cloud-based data governance platform. Specifically, the data classification policies intermittently fail to apply, which requires a detailed investigation and manual adjustment of policy configurations. Additionally, there might be a need to inspect the data source integration settings. Could you please look into this? Thank you!",Software,High
Alert: Intermittent Verification Failures in CIAM System - user@acme.co,"Notification from Acme CIAM System

Acme CIAM System Image

This Intermittent Verification Failures alert is to inform you that specific user account verifications are failing to complete intermittently.

The alert details include:

User: user@acme.co

By: Service Account (ciam-service@acme.co)

Date: Mon, Oct 30 2023 10:00 UTC

Alert Center is not enabled for this rule. Alert Center can provide additional details, investigation options, and remediation recommendations. To enable, turn on alerts in the rule detail page.

Go to Rule Details

You have received this important update about your Acme CIAM System account because you are the designated admin recipient for this alert type. You can turn off these alerts or change the email recipients in the Rules section of the Admin Console.

Acme Corporation 1234 Elm Street Hometown, USA

-- 
You received this message because you are subscribed to the Acme Groups ""Identity Management"" group. To unsubscribe from this group and stop receiving emails from it, send an email to idmgmt+unsubscribe@acme.co.","Alert: Intermittent Verification Failures in CIAM System - user@acme.co. Notification from Acme CIAM System

Acme CIAM System Image

This Intermittent Verification Failures alert is to inform you that specific user account verifications are failing to complete intermittently.

The alert details include:

User: user@acme.co

By: Service Account (ciam-service@acme.co)

Date: Mon, Oct 30 2023 10:00 UTC

Alert Center is not enabled for this rule. Alert Center can provide additional details, investigation options, and remediation recommendations. To enable, turn on alerts in the rule detail page.

Go to Rule Details

You have received this important update about your Acme CIAM System account because you are the designated admin recipient for this alert type. You can turn off these alerts or change the email recipients in the Rules section of the Admin Console.

Acme Corporation 1234 Elm Street Hometown, USA

-- 
You received this message because you are subscribed to the Acme Groups ""Identity Management"" group. To unsubscribe from this group and stop receiving emails from it, send an email to idmgmt+unsubscribe@acme.co.",Software,High
Persistent Issues with Document Scanning System,"User experiencing persistent issues with enterprise document scanning system where scanned documents intermittently fail to upload to the document management system, requiring detailed investigation and manual adjustment of scanning software settings and potential inspection of network connectivity and file format compatibility.","Persistent Issues with Document Scanning System. User experiencing persistent issues with enterprise document scanning system where scanned documents intermittently fail to upload to the document management system, requiring detailed investigation and manual adjustment of scanning software settings and potential inspection of network connectivity and file format compatibility.",Software,High
Instructions for Resolving Printer Error Messages,"Hey IT! I'm running into some common error messages when trying to print from the office printer. Could you provide some step-by-step instructions on how to resolve these issues? I tried looking it up but got a bit lost. Any help would be appreciated! Thanks a bunch! Alex Johnson | Office Coordinator Administration • New York, NY","Instructions for Resolving Printer Error Messages. Hey IT! I'm running into some common error messages when trying to print from the office printer. Could you provide some step-by-step instructions on how to resolve these issues? I tried looking it up but got a bit lost. Any help would be appreciated! Thanks a bunch! Alex Johnson | Office Coordinator Administration • New York, NY",Hardware,Medium
Remote File Sync Issues,"Hi, I'm experiencing persistent issues with remote file access where files intermittently fail to sync correctly between local and cloud storage. This requires detailed investigation and manual adjustment of sync settings. Could you also inspect network connectivity and file permissions? Thanks, Alex","Remote File Sync Issues. Hi, I'm experiencing persistent issues with remote file access where files intermittently fail to sync correctly between local and cloud storage. This requires detailed investigation and manual adjustment of sync settings. Could you also inspect network connectivity and file permissions? Thanks, Alex",RemoteWork,High
DBox Business Account Access,"Hi Team, I'm unable to access my DBox Business Account. Could you please help me resolve this issue? -- Alex Johnson | Project Manager Acme Co (https://acme.co/) • Connect with me (https://acme.co/alex-johnson)","DBox Business Account Access. Hi Team, I'm unable to access my DBox Business Account. Could you please help me resolve this issue? -- Alex Johnson | Project Manager Acme Co (https://acme.co/) • Connect with me (https://acme.co/alex-johnson)",Account,Medium
Zoom Meeting Host Access Request,I need host access for an upcoming Zoom meeting scheduled for next week. Please grant the necessary permissions to my account.,Zoom Meeting Host Access Request. I need host access for an upcoming Zoom meeting scheduled for next week. Please grant the necessary permissions to my account.,Communication,Medium
ZD Support Portal Access,"Hi, I need to get access to the ZD Support Portal to manage support tickets and update customer queries efficiently. Thanks! Alex","ZD Support Portal Access. Hi, I need to get access to the ZD Support Portal to manage support tickets and update customer queries efficiently. Thanks! Alex",Account,Medium
Assistance Required for Configuring Multi-Factor Authentication,"Hi, I'm unable to receive verification codes for multi-factor authentication due to suspected carrier-specific SMS delivery issues, despite following the correct setup steps. Could you please assist? Thanks, Alex Johnson","Assistance Required for Configuring Multi-Factor Authentication. Hi, I'm unable to receive verification codes for multi-factor authentication due to suspected carrier-specific SMS delivery issues, despite following the correct setup steps. Could you please assist? Thanks, Alex Johnson",Security,High
DRM Access Intermittent Failure,"Hi team, I'm experiencing persistent issues with our enterprise DRM system where access to protected content intermittently fails. This requires a detailed investigation and manual adjustment of DRM settings. Could you also inspect the user authentication and content licensing protocols? I'm reaching out from my personal email to ensure this gets through. Thanks! Alex Doe","DRM Access Intermittent Failure. Hi team, I'm experiencing persistent issues with our enterprise DRM system where access to protected content intermittently fails. This requires a detailed investigation and manual adjustment of DRM settings. Could you also inspect the user authentication and content licensing protocols? I'm reaching out from my personal email to ensure this gets through. Thanks! Alex Doe",Software,High
Enterprise Software Update Deployment Issue,"Hi there, I'm experiencing persistent issues with our enterprise software update management system. Specific updates intermittently fail to deploy across multiple devices. Could you please investigate this and advise on how to proceed?","Enterprise Software Update Deployment Issue. Hi there, I'm experiencing persistent issues with our enterprise software update management system. Specific updates intermittently fail to deploy across multiple devices. Could you please investigate this and advise on how to proceed?",Software,High
Access Issue with Internal Application,"Hi there, Can you please investigate the access issue with our internal application? It seems to be related to the load balancer configuration. We suspect that the load balancing rules and server health checks might need manual adjustment. Your detailed investigation would be appreciated. Thanks,","Access Issue with Internal Application. Hi there, Can you please investigate the access issue with our internal application? It seems to be related to the load balancer configuration. We suspect that the load balancing rules and server health checks might need manual adjustment. Your detailed investigation would be appreciated. Thanks,",Network,High
Access Request for After Effects Animation Tools,Need access to After Effects Animation Tools,Access Request for After Effects Animation Tools. Need access to After Effects Animation Tools,Software,Medium
Hardware Token Malfunction - MFA Assistance Needed,"Hi,

I'm having trouble with my multi-factor authentication. My hardware token seems to be malfunctioning, and I'm unable to authenticate. Could I get a replacement token? This is quite urgent as I need access to my accounts.

Thanks

Alex","Hardware Token Malfunction - MFA Assistance Needed. Hi,

I'm having trouble with my multi-factor authentication. My hardware token seems to be malfunctioning, and I'm unable to authenticate. Could I get a replacement token? This is quite urgent as I need access to my accounts.

Thanks

Alex",Hardware,Urgent
Intermittent File Access Speed Issues on Network Storage,"Hey Team, I'm experiencing persistent issues with our enterprise network storage system. The file access speeds intermittently degrade, and it seems to require a detailed investigation. Could you look into the storage configuration settings and possibly inspect the network infrastructure and hardware components? Thanks, Alex","Intermittent File Access Speed Issues on Network Storage. Hey Team, I'm experiencing persistent issues with our enterprise network storage system. The file access speeds intermittently degrade, and it seems to require a detailed investigation. Could you look into the storage configuration settings and possibly inspect the network infrastructure and hardware components? Thanks, Alex",Network,High
Persistent Issues with Email Rules in Cloud-Based Client,"User experiencing persistent issues with enterprise cloud-based email client where specific email rules intermittently fail to apply, requiring detailed investigation and manual adjustment of rule configurations and potential inspection of server-side processing workflows.","Persistent Issues with Email Rules in Cloud-Based Client. User experiencing persistent issues with enterprise cloud-based email client where specific email rules intermittently fail to apply, requiring detailed investigation and manual adjustment of rule configurations and potential inspection of server-side processing workflows.",Software,High
Assistance Required for Configuring Email on Mobile Device,"@it.support and team, please help! I’m unable to send emails from my mobile device due to what seems to be an SMTP server misconfiguration, even though my incoming mail settings are correct. I’ve double-checked everything and still no luck. Any guidance would be greatly appreciated!","Assistance Required for Configuring Email on Mobile Device. @it.support and team, please help! I’m unable to send emails from my mobile device due to what seems to be an SMTP server misconfiguration, even though my incoming mail settings are correct. I’ve double-checked everything and still no luck. Any guidance would be greatly appreciated!",Communication,Medium
Fwd: Request for Access to Slack Direct Messaging Feature,"Hi there IT Team, I'm reaching out to see if I can get access to the Slack Direct Messaging feature. I noticed that I currently don't have the ability to send direct messages to my colleagues, and I wanted to check in with y'all to see if this is something that can be enabled for my account. Thanks in advance! Alex Johnson | Product Manager Acme Co. (https://acme.co/) • Connect with me (https://acme.co/alex_johnson) 555.123.4567","Fwd: Request for Access to Slack Direct Messaging Feature. Hi there IT Team, I'm reaching out to see if I can get access to the Slack Direct Messaging feature. I noticed that I currently don't have the ability to send direct messages to my colleagues, and I wanted to check in with y'all to see if this is something that can be enabled for my account. Thanks in advance! Alex Johnson | Product Manager Acme Co. (https://acme.co/) • Connect with me (https://acme.co/alex_johnson) 555.123.4567",Software,Medium
Persistent Slow Internet Connection on Workstation,"Hello IT Team, I'm experiencing a persistent slow internet connection on my workstation, even though the network is stable and all configuration settings appear correct. This issue is affecting my productivity as it takes a long time to load web pages and access online resources. I've tried restarting the computer and checking the cables, but the problem persists. Could you please assist in diagnosing and resolving this issue at your earliest convenience? Thank you! Best, John Doe","Persistent Slow Internet Connection on Workstation. Hello IT Team, I'm experiencing a persistent slow internet connection on my workstation, even though the network is stable and all configuration settings appear correct. This issue is affecting my productivity as it takes a long time to load web pages and access online resources. I've tried restarting the computer and checking the cables, but the problem persists. Could you please assist in diagnosing and resolving this issue at your earliest convenience? Thank you! Best, John Doe",Network,High
Instructions for Configuring Company Email on Mobile Device,Request for detailed instructions.,Instructions for Configuring Company Email on Mobile Device. Request for detailed instructions.,Communication,Medium
Grant GH Code Review Permissions to Alex Johnson,@service_delivery - can Alex get code review permissions on GitHub?,Grant GH Code Review Permissions to Alex Johnson. @service_delivery - can Alex get code review permissions on GitHub?,Account,Medium
Alert: Data Sync Issue - Enterprise Cloud Service,"Notification from Acme Cloud Services


Acme Cloud Services Image


This Data Sync Issue alert is to inform you that specific data sets are intermittently failing to sync between on-premises and cloud environments.

The alert details include:

User: John Doe (john.doe@acme.co)

By: System Admin (sysadmin@acme.co)

Date: Wed, Nov 1 2023 10:30 UTC

Alert Center is not enabled for this rule. Alert Center can provide additional details, investigation options, and remediation recommendations. To enable, turn on alerts in the rule detail page.


Go to Rule Details


You have received this important update about your Acme Cloud Services account because you are the designated admin recipient for this alert type. You can turn off these alerts or change the email recipients in the Rules section of the Admin Console.

Acme Corporation 1234 Elm Street Springfield, USA


-- 
You received this message because you are subscribed to the Acme Groups ""Cloud Services"" group. To unsubscribe from this group and stop receiving emails from it, send an email to cloudservices+unsubscribe@acme.co.","Alert: Data Sync Issue - Enterprise Cloud Service. Notification from Acme Cloud Services


Acme Cloud Services Image


This Data Sync Issue alert is to inform you that specific data sets are intermittently failing to sync between on-premises and cloud environments.

The alert details include:

User: John Doe (john.doe@acme.co)

By: System Admin (sysadmin@acme.co)

Date: Wed, Nov 1 2023 10:30 UTC

Alert Center is not enabled for this rule. Alert Center can provide additional details, investigation options, and remediation recommendations. To enable, turn on alerts in the rule detail page.


Go to Rule Details


You have received this important update about your Acme Cloud Services account because you are the designated admin recipient for this alert type. You can turn off these alerts or change the email recipients in the Rules section of the Admin Console.

Acme Corporation 1234 Elm Street Springfield, USA


-- 
You received this message because you are subscribed to the Acme Groups ""Cloud Services"" group. To unsubscribe from this group and stop receiving emails from it, send an email to cloudservices+unsubscribe@acme.co.",Network,High
Assistance Required for Configuring New Hire's Access to Secure Internal Portal,"Dear IT Support Team: Assistance Required for Configuring New Hire's Access to Secure Internal Portal: User Unable to Authenticate Despite Correct Credentials and Following ""New Hire 101 FAQ"" Guidelines. Account Name: John Doe User ID: JDoe123 Description: New hire access configuration Owner Full Name: Jane Smith Status Category: Access Issue Status: Pending Resolution Access Request Date: 10/15/2023 9:00 AM Total Access Value: N/A Click on the link below to access the Portal: Secure Internal Portal (https://acme.co/secure-portal) Access Request ID: a5N8X0000005xyz Access User ID: 0052M000009PiXY Access Request Status: Notified Access Request Date: 10/15/2023 9:00 AM Access Request Assigned To: IT Support Access Request Comments: (User Type = Employee) Access Request Approver Comments: Notified - System Info - Notified User: IT Support 2023-10-15 09:00:00-0400 Access Approvals: | Step Name | Approval Status | Date | Assigned To | Depends On | Actual Approver | Approver Comments | | IT Review | Pending | 10/15/2023 9:00 AM | Jane Smith | | Jane Smith | Pending - Jane Smith 2023-10-15 09:00:00-0400 | | IT Review | Not Submitted | | Security | | | | | IT Review | Not Submitted | | IT Support | | | | Reassigned - John Doe Info - Reassigned to Jane Smith 2023-10-15 08:55:00-0400 |","Assistance Required for Configuring New Hire's Access to Secure Internal Portal. Dear IT Support Team: Assistance Required for Configuring New Hire's Access to Secure Internal Portal: User Unable to Authenticate Despite Correct Credentials and Following ""New Hire 101 FAQ"" Guidelines. Account Name: John Doe User ID: JDoe123 Description: New hire access configuration Owner Full Name: Jane Smith Status Category: Access Issue Status: Pending Resolution Access Request Date: 10/15/2023 9:00 AM Total Access Value: N/A Click on the link below to access the Portal: Secure Internal Portal (https://acme.co/secure-portal) Access Request ID: a5N8X0000005xyz Access User ID: 0052M000009PiXY Access Request Status: Notified Access Request Date: 10/15/2023 9:00 AM Access Request Assigned To: IT Support Access Request Comments: (User Type = Employee) Access Request Approver Comments: Notified - System Info - Notified User: IT Support 2023-10-15 09:00:00-0400 Access Approvals: | Step Name | Approval Status | Date | Assigned To | Depends On | Actual Approver | Approver Comments | | IT Review | Pending | 10/15/2023 9:00 AM | Jane Smith | | Jane Smith | Pending - Jane Smith 2023-10-15 09:00:00-0400 | | IT Review | Not Submitted | | Security | | | | | IT Review | Not Submitted | | IT Support | | | | Reassigned - John Doe Info - Reassigned to Jane Smith 2023-10-15 08:55:00-0400 |",Account,High
Alert: Persistent UI Issues in Cloud Application - j.doe@acme.co,"Notification from Acme Cloud Services

Acme Cloud Services Image

This Persistent UI Issues alert is to inform you that specific user interface elements in the enterprise cloud-based application are intermittently failing to respond to input, requiring detailed investigation.

The alert details include:

User: j.doe@acme.co

By: Jane Doe User (jane.doe@acme.co)

Date: Mon, Oct 16 2023 10:00 UTC

Alert Center is not enabled for this issue. Alert Center can provide additional details, investigation options, and remediation recommendations. To enable, turn on alerts in the issue detail page.

Go to Issue Details

You have received this important update about your Acme Cloud Services account because you are the designated admin recipient for this alert type. You can turn off these alerts or change the email recipients in the Rules section of the Admin Console.

Acme Co 1234 Elm Street Anytown, USA

-- 
You received this message because you are subscribed to the Acme Groups ""IT Support"" group. To unsubscribe from this group and stop receiving emails from it, send an email to itsupport+unsubscribe@acme.co.","Alert: Persistent UI Issues in Cloud Application - j.doe@acme.co. Notification from Acme Cloud Services

Acme Cloud Services Image

This Persistent UI Issues alert is to inform you that specific user interface elements in the enterprise cloud-based application are intermittently failing to respond to input, requiring detailed investigation.

The alert details include:

User: j.doe@acme.co

By: Jane Doe User (jane.doe@acme.co)

Date: Mon, Oct 16 2023 10:00 UTC

Alert Center is not enabled for this issue. Alert Center can provide additional details, investigation options, and remediation recommendations. To enable, turn on alerts in the issue detail page.

Go to Issue Details

You have received this important update about your Acme Cloud Services account because you are the designated admin recipient for this alert type. You can turn off these alerts or change the email recipients in the Rules section of the Admin Console.

Acme Co 1234 Elm Street Anytown, USA

-- 
You received this message because you are subscribed to the Acme Groups ""IT Support"" group. To unsubscribe from this group and stop receiving emails from it, send an email to itsupport+unsubscribe@acme.co.",Software,High
Intranet Access Discrepancy: User Access Issue,"The following user reports inconsistent access to department-specific resources despite correct permissions and network configuration. Investigation required to resolve access issues. Steps to follow: 1. Verify user permissions in the intranet system. 2. Check network configuration settings for any discrepancies. 3. Ensure all department-specific resources are correctly mapped to the user's profile. If issues persist, please escalate to the network team for further analysis. User: Alex Johnson Email: a.johnson@acme.co Department: Marketing","Intranet Access Discrepancy: User Access Issue. The following user reports inconsistent access to department-specific resources despite correct permissions and network configuration. Investigation required to resolve access issues. Steps to follow: 1. Verify user permissions in the intranet system. 2. Check network configuration settings for any discrepancies. 3. Ensure all department-specific resources are correctly mapped to the user's profile. If issues persist, please escalate to the network team for further analysis. User: Alex Johnson Email: a.johnson@acme.co Department: Marketing",Network,High
Access Request for Adobe Bridge,"Hi,

I need access to the Adobe Bridge Asset Management Tools for my upcoming project. Could someone from the IT team assist me with this request?

Thank you! 😊

--
Alex Johnson  |  Creative Designer |  He/Him

Acme Co (https://acme.co/)   •  Help Center (https://acme.co/help)   •  Submit a ticket (https://acme.co/support)","Access Request for Adobe Bridge. Hi,

I need access to the Adobe Bridge Asset Management Tools for my upcoming project. Could someone from the IT team assist me with this request?

Thank you! 😊

--
Alex Johnson  |  Creative Designer |  He/Him

Acme Co (https://acme.co/)   •  Help Center (https://acme.co/help)   •  Submit a ticket (https://acme.co/support)",Software,Medium
Assistance Required: Issues with Multi-Factor Authentication Verification Codes,"Notification from Acme IT Support

Acme IT Support Image

This Multi-Factor Authentication (MFA) assistance request is to inform you that a user is experiencing issues with receiving verification codes on a new mobile device despite following the correct setup steps.

The request details include:

User: j.doe@acme.co

By: Service Account (it-support@acme.co)

Date: Mon, Oct 30 2023 14:45 UTC

Support Center is not enabled for this issue. Support Center can provide additional details, investigation options, and remediation recommendations. To enable, turn on support in the issue detail page.

Go to Issue Details

You have received this important update about your Acme account because you are the designated admin recipient for this support type. You can turn off these notifications or change the email recipients in the Support section of the Admin Console.

Acme Inc. 123 Innovation Drive Tech City, CA 94043

-- 
You received this message because you are subscribed to the Acme Groups ""IT Support"" group. To unsubscribe from this group and stop receiving emails from it, send an email to itsupport+unsubscribe@acme.co.","Assistance Required: Issues with Multi-Factor Authentication Verification Codes. Notification from Acme IT Support

Acme IT Support Image

This Multi-Factor Authentication (MFA) assistance request is to inform you that a user is experiencing issues with receiving verification codes on a new mobile device despite following the correct setup steps.

The request details include:

User: j.doe@acme.co

By: Service Account (it-support@acme.co)

Date: Mon, Oct 30 2023 14:45 UTC

Support Center is not enabled for this issue. Support Center can provide additional details, investigation options, and remediation recommendations. To enable, turn on support in the issue detail page.

Go to Issue Details

You have received this important update about your Acme account because you are the designated admin recipient for this support type. You can turn off these notifications or change the email recipients in the Support section of the Admin Console.

Acme Inc. 123 Innovation Drive Tech City, CA 94043

-- 
You received this message because you are subscribed to the Acme Groups ""IT Support"" group. To unsubscribe from this group and stop receiving emails from it, send an email to itsupport+unsubscribe@acme.co.",Account,Medium
Mobile Email Filtering Setup,"Hi IT Team, I'm reaching out to get some guidance on setting up automatic email filtering on my mobile device. Could you provide step-by-step instructions? Thanks!","Mobile Email Filtering Setup. Hi IT Team, I'm reaching out to get some guidance on setting up automatic email filtering on my mobile device. Could you provide step-by-step instructions? Thanks!",Software,Medium
Data Backup Verification Instructions,"Hi IT, Please provide detailed instructions on how to verify the completion of a data backup process using the company-approved software. Thank you!","Data Backup Verification Instructions. Hi IT, Please provide detailed instructions on how to verify the completion of a data backup process using the company-approved software. Thank you!",Software,Medium
Hey IT! Need help with Google Calendar event duplication across multiple accounts.,Hey IT! We're experiencing an issue with Google Calendar where events are being duplicated across multiple user accounts. Could you assist us in resolving this? Thanks!,Hey IT! Need help with Google Calendar event duplication across multiple accounts.. Hey IT! We're experiencing an issue with Google Calendar where events are being duplicated across multiple user accounts. Could you assist us in resolving this? Thanks!,Software,Medium
Network Drive - Access Issue: Unable to Open Specific Folders Despite Correct Mapping and Permissions,"Issue Reported: Inability to access specific folders on shared network drive despite correct mapping and permissions.\n\nNetwork Drive: Shared Drive X\n\nPermissions Verified?\nYes\n\nIT Team Notified?\nYes\n\nNotified By:\nJohn Doe\nIT Support Specialist\nManager: jane.smith@acme.co\n\nReport Date:\nOct 5, 2024\n\nAdditional Notes:\nNeed access to project files for upcoming deadline.","Network Drive - Access Issue: Unable to Open Specific Folders Despite Correct Mapping and Permissions. Issue Reported: Inability to access specific folders on shared network drive despite correct mapping and permissions.\n\nNetwork Drive: Shared Drive X\n\nPermissions Verified?\nYes\n\nIT Team Notified?\nYes\n\nNotified By:\nJohn Doe\nIT Support Specialist\nManager: jane.smith@acme.co\n\nReport Date:\nOct 5, 2024\n\nAdditional Notes:\nNeed access to project files for upcoming deadline.",Network,High
Access Request for Lightroom Editing Tools,I need access to the Lightroom editing tools for my upcoming project.,Access Request for Lightroom Editing Tools. I need access to the Lightroom editing tools for my upcoming project.,Software,Medium
Access Request for Illustrator & InDesign Tools,"Hi IT! I need access to Adobe Illustrator and InDesign for a project I'm working on. I've checked the software portal, but couldn't find these tools listed for installation. Could you guide me on how to get access to these applications? If there's a specific process or form I need to fill out, please let me know. I've attached a screenshot of the software portal for your reference. Looking forward to your assistance! Thanks!","Access Request for Illustrator & InDesign Tools. Hi IT! I need access to Adobe Illustrator and InDesign for a project I'm working on. I've checked the software portal, but couldn't find these tools listed for installation. Could you guide me on how to get access to these applications? If there's a specific process or form I need to fill out, please let me know. I've attached a screenshot of the software portal for your reference. Looking forward to your assistance! Thanks!",Software,Medium
Password Reset Instructions Needed - Internal Platform,"Owner: Jamie Smith
Platform: Acme Internal Communication
Issue: Forgotten Password","Password Reset Instructions Needed - Internal Platform. Owner: Jamie Smith
Platform: Acme Internal Communication
Issue: Forgotten Password",Account,Medium
Re: Access Request for Adobe XD Design Tools - All Acme Co,Phase 2 of https://acme.co/ithelp/tickets/12345 Will grant access to Adobe XD Design Tools for the top level Acme Co design team.,Re: Access Request for Adobe XD Design Tools - All Acme Co. Phase 2 of https://acme.co/ithelp/tickets/12345 Will grant access to Adobe XD Design Tools for the top level Acme Co design team.,Software,Medium
Access Request for DBox Personal Folder,Can you please grant me access to the DBox personal folder? I will need this access while I'm assisting John Doe during his project transition period.,Access Request for DBox Personal Folder. Can you please grant me access to the DBox personal folder? I will need this access while I'm assisting John Doe during his project transition period.,Account,Medium
Request: Multi-Factor Authentication Setup Instructions,"Notification from Acme IT Support

Acme Co. Image

This request is to inform you that assistance is needed to set up multi-factor authentication for accessing the company's time tracking system.

The request details include:

User: john.doe@acme.co

Requested by: John Doe (john.doe@acme.co)

Date: Mon, Oct 30 2023 14:45 UTC

Please provide detailed instructions on how to enable and configure multi-factor authentication for enhanced security. Additional resources or links to setup guides would be appreciated.

Visit the MFA Setup Guide

You have received this important request because you are the designated IT support contact for this type of inquiry. You can update your notification preferences or change the email recipients in the IT Support section of the Admin Console.

Acme Co. 1234 Elm Street Anytown, USA

-- 
You received this message because you are subscribed to the Acme Co. ""IT Support"" group. To unsubscribe from this group and stop receiving emails from it, send an email to itsupport+unsubscribe@acme.co.","Request: Multi-Factor Authentication Setup Instructions. Notification from Acme IT Support

Acme Co. Image

This request is to inform you that assistance is needed to set up multi-factor authentication for accessing the company's time tracking system.

The request details include:

User: john.doe@acme.co

Requested by: John Doe (john.doe@acme.co)

Date: Mon, Oct 30 2023 14:45 UTC

Please provide detailed instructions on how to enable and configure multi-factor authentication for enhanced security. Additional resources or links to setup guides would be appreciated.

Visit the MFA Setup Guide

You have received this important request because you are the designated IT support contact for this type of inquiry. You can update your notification preferences or change the email recipients in the IT Support section of the Admin Console.

Acme Co. 1234 Elm Street Anytown, USA

-- 
You received this message because you are subscribed to the Acme Co. ""IT Support"" group. To unsubscribe from this group and stop receiving emails from it, send an email to itsupport+unsubscribe@acme.co.",Security,Medium
Persistent issues with calendar event sync on mobile devices,"Hi IT Team, I'm experiencing persistent issues with our enterprise cloud-based email client where specific calendar events intermittently fail to sync with my mobile devices. This requires me to manually adjust synchronization settings frequently. Could you please investigate this issue in detail and inspect the mobile device configurations? Thanks!","Persistent issues with calendar event sync on mobile devices. Hi IT Team, I'm experiencing persistent issues with our enterprise cloud-based email client where specific calendar events intermittently fail to sync with my mobile devices. This requires me to manually adjust synchronization settings frequently. Could you please investigate this issue in detail and inspect the mobile device configurations? Thanks!",Software,Medium
Digital Signage System Fails to Update Content,"Hi there,

I'm having trouble with our digital signage system. The content isn't updating as it should, and I'm not sure if it's a settings issue or something else. I've tried reconfiguring the content management settings manually, but the problem persists. Could it be a network or hardware issue? Any help would be appreciated. Thanks!","Digital Signage System Fails to Update Content. Hi there,

I'm having trouble with our digital signage system. The content isn't updating as it should, and I'm not sure if it's a settings issue or something else. I've tried reconfiguring the content management settings manually, but the problem persists. Could it be a network or hardware issue? Any help would be appreciated. Thanks!",Hardware,High
Data Backup Instructions,Requesting instructions on backing up data from a company-issued laptop using company-approved software.,Data Backup Instructions. Requesting instructions on backing up data from a company-issued laptop using company-approved software.,Software,Medium
Intermittent Deployment Failures,"Hello, I'm experiencing persistent issues with our automated software deployment system. Deployments intermittently fail, and I suspect it might be due to complex script execution errors. This requires a detailed investigation and manual debugging of deployment scripts and server configurations. Could you please assist?","Intermittent Deployment Failures. Hello, I'm experiencing persistent issues with our automated software deployment system. Deployments intermittently fail, and I suspect it might be due to complex script execution errors. This requires a detailed investigation and manual debugging of deployment scripts and server configurations. Could you please assist?",Software,High
Password Reset Assistance Needed: Two-Factor Authentication Device Malfunction,Password reset assistance request,Password Reset Assistance Needed: Two-Factor Authentication Device Malfunction. Password reset assistance request,Account,High
Access Issue with Internal Database,"Hey team! I'm having trouble accessing a specific internal database and I suspect it might be due to a complex role-based access control misconfiguration. It seems like my user roles and permissions might need a detailed investigation and manual adjustment. Could you please look into this? Thank you! -- Thanks, Alex Johnson | Data Analyst, Business Intelligence","Access Issue with Internal Database. Hey team! I'm having trouble accessing a specific internal database and I suspect it might be due to a complex role-based access control misconfiguration. It seems like my user roles and permissions might need a detailed investigation and manual adjustment. Could you please look into this? Thank you! -- Thanks, Alex Johnson | Data Analyst, Business Intelligence",Software,High
Configuring Out-of-Office Replies on Mobile,"IT support, Could you please provide instructions on how to configure email account settings to enable automatic out-of-office replies on a mobile device? I need to ensure that my emails are properly managed while I'm away. Thanks, Alex Johnson | IT Manager Acme.co | Innovate with us (https://acme.co/careers) !","Configuring Out-of-Office Replies on Mobile. IT support, Could you please provide instructions on how to configure email account settings to enable automatic out-of-office replies on a mobile device? I need to ensure that my emails are properly managed while I'm away. Thanks, Alex Johnson | IT Manager Acme.co | Innovate with us (https://acme.co/careers) !",Software,Medium
Access Request for ZD Help Center Admin Tools,Dear IT Support Team: An access request for the ZD Help Center Admin Tools has been submitted. Account Name: Acme Co. Tool Name: ZD Help Center Admin Tools Description: Access required for managing support content and user permissions. Requester Full Name: John Doe Request Number: 00004567.0 Status Category: Pending Approval Status: Awaiting IT Review Access Start Date: 11/1/2023 Access End Date: 11/1/2024 Total Access Value: N/A Click on the link below to access the request: ZD Help Center Admin Tools Access (https://acme.co/access-request/00004567) Request ID: a5N2M000000nr7V Request User ID: 0052M000009PiHD Request Status: Notified Request Date: 10/25/2023 10:15 AM Request Assigned To: IT Support Request Comments: (Access Level = Admin) Request Approver Comments: Notified - System Info - Notified User: IT Support 2023-10-25 10:15:45-0500 Approvals: | Step Name | Approval Status | Date | Assigned To | Depends On | Actual Approver | Approver Comments | | IT Review | Approved | 10/25/2023 10:14 AM | John Doe | | John Doe | Approved with comments - John Doe Approver comments - Access required for new project initiatives and content management 2023-10-25 10:14:30-0500 | | IT Review | Approved | 10/25/2023 10:15 AM | Security Approval | | John Doe | Approved - John Doe 2023-10-25 10:15:44-0500 | | IT Review | Not Submitted | | Compliance Approval | | | | | IT Review | Not Submitted | | Manager Approval | | | | | IT Review | Not Submitted | | Final Approval | | | |,Access Request for ZD Help Center Admin Tools. Dear IT Support Team: An access request for the ZD Help Center Admin Tools has been submitted. Account Name: Acme Co. Tool Name: ZD Help Center Admin Tools Description: Access required for managing support content and user permissions. Requester Full Name: John Doe Request Number: 00004567.0 Status Category: Pending Approval Status: Awaiting IT Review Access Start Date: 11/1/2023 Access End Date: 11/1/2024 Total Access Value: N/A Click on the link below to access the request: ZD Help Center Admin Tools Access (https://acme.co/access-request/00004567) Request ID: a5N2M000000nr7V Request User ID: 0052M000009PiHD Request Status: Notified Request Date: 10/25/2023 10:15 AM Request Assigned To: IT Support Request Comments: (Access Level = Admin) Request Approver Comments: Notified - System Info - Notified User: IT Support 2023-10-25 10:15:45-0500 Approvals: | Step Name | Approval Status | Date | Assigned To | Depends On | Actual Approver | Approver Comments | | IT Review | Approved | 10/25/2023 10:14 AM | John Doe | | John Doe | Approved with comments - John Doe Approver comments - Access required for new project initiatives and content management 2023-10-25 10:14:30-0500 | | IT Review | Approved | 10/25/2023 10:15 AM | Security Approval | | John Doe | Approved - John Doe 2023-10-25 10:15:44-0500 | | IT Review | Not Submitted | | Compliance Approval | | | | | IT Review | Not Submitted | | Manager Approval | | | | | IT Review | Not Submitted | | Final Approval | | | |,Account,Medium
Document Versioning Issue in Enterprise Management System,"Persistent issues with document versioning failing to update correctly, requiring detailed investigation and manual adjustment of version control settings. Potential inspection of database integrity needed.","Document Versioning Issue in Enterprise Management System. Persistent issues with document versioning failing to update correctly, requiring detailed investigation and manual adjustment of version control settings. Potential inspection of database integrity needed.",Software,High
Printer Account Setup Request,"Hey IT Team, could you send over the steps to set up a new user account on the office printer? Need to get this sorted for a new team member. Thanks a bunch!","Printer Account Setup Request. Hey IT Team, could you send over the steps to set up a new user account on the office printer? Need to get this sorted for a new team member. Thanks a bunch!",Account,Medium
Slack Workspace Access Request,"Hi,

Could you please grant me access to the Slack workspace for our team? I need it to collaborate on ongoing projects and communicate with team members.

Best,
Alex","Slack Workspace Access Request. Hi,

Could you please grant me access to the Slack workspace for our team? I need it to collaborate on ongoing projects and communicate with team members.

Best,
Alex",Communication,Medium
Intermittent Software Deployment Failures,"Hello IT Team, I'm reaching out because we're experiencing persistent issues with our enterprise software deployment tool. Specifically, certain application packages are intermittently failing to install on target devices. This requires a detailed investigation and manual adjustment of deployment configurations. We may also need to inspect the package integrity and compatibility settings. Your assistance in resolving this matter would be greatly appreciated!","Intermittent Software Deployment Failures. Hello IT Team, I'm reaching out because we're experiencing persistent issues with our enterprise software deployment tool. Specifically, certain application packages are intermittently failing to install on target devices. This requires a detailed investigation and manual adjustment of deployment configurations. We may also need to inspect the package integrity and compatibility settings. Your assistance in resolving this matter would be greatly appreciated!",Software,High
Cloud Application Workflow Issue,User roles in our enterprise cloud app intermittently fail to trigger workflow automations. Needs detailed investigation and manual adjustment of role-based configurations. Possible inspection of external system integrations required.,Cloud Application Workflow Issue. User roles in our enterprise cloud app intermittently fail to trigger workflow automations. Needs detailed investigation and manual adjustment of role-based configurations. Possible inspection of external system integrations required.,Software,High
Urgent: Investigation Required for Backup Encryption Failures,"Attention Acme IT,

We have identified persistent issues with our enterprise cloud-based data backup system. Specific backup jobs are intermittently failing to encrypt data, necessitating a detailed investigation. Manual adjustments of encryption settings have been required, and there may be a need to inspect the backup software configurations.

Transaction: ""Backup Job Failure: Encryption Error""
Backup System ID: 7f3a9b2c5d8e10012ef209d5b9cd0000
Incident Date: 2024-08-15
Time of Occurrence: 2024-08-15T14:22:45.123-07:00 PST (Server Time Zone)

Affected System: Enterprise Cloud Backup
Department: IT Infrastructure
Primary Contact Email: it.support@acme.co

---------------------------------------------------------------
This email was generated from the Acme Backup Monitoring System on behalf of Acme IT. Please DO NOT REPLY to this email.","Urgent: Investigation Required for Backup Encryption Failures. Attention Acme IT,

We have identified persistent issues with our enterprise cloud-based data backup system. Specific backup jobs are intermittently failing to encrypt data, necessitating a detailed investigation. Manual adjustments of encryption settings have been required, and there may be a need to inspect the backup software configurations.

Transaction: ""Backup Job Failure: Encryption Error""
Backup System ID: 7f3a9b2c5d8e10012ef209d5b9cd0000
Incident Date: 2024-08-15
Time of Occurrence: 2024-08-15T14:22:45.123-07:00 PST (Server Time Zone)

Affected System: Enterprise Cloud Backup
Department: IT Infrastructure
Primary Contact Email: it.support@acme.co

---------------------------------------------------------------
This email was generated from the Acme Backup Monitoring System on behalf of Acme IT. Please DO NOT REPLY to this email.",Software,High
Alert: Document Search Issue - Enterprise Cloud System,"Notification from Acme Cloud Services

Acme Cloud Services Image

This Document Search Issue alert is to inform you that the document search functionality is intermittently failing to return accurate results in your enterprise cloud-based document management system.

The alert details include:

User: j.doe@acme.co

By: System Admin (admin@acme.co)

Date: Wed, Nov 15 2023 10:45 UTC

Alert Center is not enabled for this rule. Alert Center can provide additional details, investigation options, and remediation recommendations. To enable, turn on alerts in the rule detail page.

Go to Rule Details

You have received this important update about your Acme Cloud Services account because you are the designated admin recipient for this alert type. You can turn off these alerts or change the email recipients in the Rules section of the Admin Console.

Acme Corporation 123 Innovation Drive Tech City, TC 12345

-- 
You received this message because you are subscribed to the Acme Groups ""IT Support"" group. To unsubscribe from this group and stop receiving emails from it, send an email to itsupport+unsubscribe@acme.co.","Alert: Document Search Issue - Enterprise Cloud System. Notification from Acme Cloud Services

Acme Cloud Services Image

This Document Search Issue alert is to inform you that the document search functionality is intermittently failing to return accurate results in your enterprise cloud-based document management system.

The alert details include:

User: j.doe@acme.co

By: System Admin (admin@acme.co)

Date: Wed, Nov 15 2023 10:45 UTC

Alert Center is not enabled for this rule. Alert Center can provide additional details, investigation options, and remediation recommendations. To enable, turn on alerts in the rule detail page.

Go to Rule Details

You have received this important update about your Acme Cloud Services account because you are the designated admin recipient for this alert type. You can turn off these alerts or change the email recipients in the Rules section of the Admin Console.

Acme Corporation 123 Innovation Drive Tech City, TC 12345

-- 
You received this message because you are subscribed to the Acme Groups ""IT Support"" group. To unsubscribe from this group and stop receiving emails from it, send an email to itsupport+unsubscribe@acme.co.",Software,High
Access Request: JIRA Kanban Board - John Doe (j.doe@acme.co),"Notification from JIRA

JIRA Access Request

This Access Request alert is to inform you that a user has requested access to a JIRA Kanban Board.

The request details include:

User: John Doe (j.doe@acme.co)

Requested By: Self-Service Portal (it-portal@acme.co)

Date: Mon, Nov 20 2023 14:32 UTC

Access to this board is currently restricted. To review and approve the request, please visit the Access Management section in the JIRA Admin Console.

Go to Access Management

You have received this important update about your JIRA account because you are the designated admin recipient for this request type. You can manage these requests or change the email recipients in the Access Management section of the Admin Console.

Acme Co 123 Innovation Drive Tech City, TX 75001

-- 
You received this message because you are subscribed to the Acme Co IT Support group. To unsubscribe from this group and stop receiving emails from it, send an email to itsupport+unsubscribe@acme.co.","Access Request: JIRA Kanban Board - John Doe (j.doe@acme.co). Notification from JIRA

JIRA Access Request

This Access Request alert is to inform you that a user has requested access to a JIRA Kanban Board.

The request details include:

User: John Doe (j.doe@acme.co)

Requested By: Self-Service Portal (it-portal@acme.co)

Date: Mon, Nov 20 2023 14:32 UTC

Access to this board is currently restricted. To review and approve the request, please visit the Access Management section in the JIRA Admin Console.

Go to Access Management

You have received this important update about your JIRA account because you are the designated admin recipient for this request type. You can manage these requests or change the email recipients in the Access Management section of the Admin Console.

Acme Co 123 Innovation Drive Tech City, TX 75001

-- 
You received this message because you are subscribed to the Acme Co IT Support group. To unsubscribe from this group and stop receiving emails from it, send an email to itsupport+unsubscribe@acme.co.",Account,Medium
Persistent formatting issues in document translation system,"User experiencing persistent issues with enterprise document translation system where translated documents intermittently fail to retain original formatting, requiring detailed investigation and manual adjustment of translation settings and potential inspection of document template configurations.","Persistent formatting issues in document translation system. User experiencing persistent issues with enterprise document translation system where translated documents intermittently fail to retain original formatting, requiring detailed investigation and manual adjustment of translation settings and potential inspection of document template configurations.",Software,High
Persistent Metadata Update Issues in ECM System,"User experiencing persistent issues with enterprise content management system where document metadata fails to update correctly, requiring detailed investigation and manual adjustment of metadata configuration settings and potential inspection of database synchronization processes.","Persistent Metadata Update Issues in ECM System. User experiencing persistent issues with enterprise content management system where document metadata fails to update correctly, requiring detailed investigation and manual adjustment of metadata configuration settings and potential inspection of database synchronization processes.",Software,High
VPN Client IP Address Conflict Investigation,Persistent issues with VPN client connection resulting in unexpected IP address assignment conflicts.,VPN Client IP Address Conflict Investigation. Persistent issues with VPN client connection resulting in unexpected IP address assignment conflicts.,Network,High
Email client sync issue,Email client fails to sync with server due to suspected corrupted profile requiring manual profile reconstruction and data recovery,Email client sync issue. Email client fails to sync with server due to suspected corrupted profile requiring manual profile reconstruction and data recovery,Software,High
Request for MFA Setup Instructions for CRM,"Hi IT Team, I'm looking to set up multi-factor authentication for accessing our CRM system. Could you please provide the necessary instructions or direct me to the relevant resources? Thanks!","Request for MFA Setup Instructions for CRM. Hi IT Team, I'm looking to set up multi-factor authentication for accessing our CRM system. Could you please provide the necessary instructions or direct me to the relevant resources? Thanks!",Software,Medium
Access Request for Trellies Project Management Platform,"Hi, My name is Alex Johnson and I work in the project management office reporting to Lisa Wong (Director of Project Management). This is a request for access to the Trellies Project Management Platform to collaborate on ongoing projects and streamline our workflow. Please let me know if you need any further information. Thanks, -Alex","Access Request for Trellies Project Management Platform. Hi, My name is Alex Johnson and I work in the project management office reporting to Lisa Wong (Director of Project Management). This is a request for access to the Trellies Project Management Platform to collaborate on ongoing projects and streamline our workflow. Please let me know if you need any further information. Thanks, -Alex",Software,Medium
Email Filter Configuration,"Request for Instructions - Configuring Email Filters to Report Phishing Emails

Name: John Doe
Reports to: Jane Smith
Department: IT Support
Title: IT Specialist
Request date: 10/15/2023
Expected completion: 10/20/2023","Email Filter Configuration. Request for Instructions - Configuring Email Filters to Report Phishing Emails

Name: John Doe
Reports to: Jane Smith
Department: IT Support
Title: IT Specialist
Request date: 10/15/2023
Expected completion: 10/20/2023",Software,Medium
Access Request for ZDesk User Portal,"Hey y'all, I'm having trouble accessing the ZDesk User Portal. It seems like my account doesn't have the necessary permissions to log in, and I'm getting an error message saying 'Access Denied'. I've tried resetting my password and clearing my browser cache, but no luck. Is there any chance that something changed with user access permissions recently?","Access Request for ZDesk User Portal. Hey y'all, I'm having trouble accessing the ZDesk User Portal. It seems like my account doesn't have the necessary permissions to log in, and I'm getting an error message saying 'Access Denied'. I've tried resetting my password and clearing my browser cache, but no luck. Is there any chance that something changed with user access permissions recently?",Account,Medium
Assistance Required for Investigating and Resolving Workstation Security Alert,"Hi team, I'm experiencing an issue with my workstation where I'm unable to disable unauthorized software despite following the ""Securing Your Workstation"" guidelines. This security alert is causing disruptions in my daily tasks. Could you please assist in investigating and resolving this issue? Thank you! Best, Alex Johnson | IT Support Specialist | they/them","Assistance Required for Investigating and Resolving Workstation Security Alert. Hi team, I'm experiencing an issue with my workstation where I'm unable to disable unauthorized software despite following the ""Securing Your Workstation"" guidelines. This security alert is causing disruptions in my daily tasks. Could you please assist in investigating and resolving this issue? Thank you! Best, Alex Johnson | IT Support Specialist | they/them",Security,High
Fwd: Zoom Recording Access Request,"Hi Acme IT Support Team, I am the Acme AE supporting our internal teams. I am reaching out to you on behalf of our project manager: Alex Johnson, ajohnson@acme.co. Alex has been conducting several important meetings via Zoom and needs access to the recordings for documentation purposes. However, it seems that the access permissions are restricted, and Alex is unable to view or download the recordings. Please provide guidance to Alex on how to obtain the necessary access to these Zoom recordings. Thank you, Jamie","Fwd: Zoom Recording Access Request. Hi Acme IT Support Team, I am the Acme AE supporting our internal teams. I am reaching out to you on behalf of our project manager: Alex Johnson, ajohnson@acme.co. Alex has been conducting several important meetings via Zoom and needs access to the recordings for documentation purposes. However, it seems that the access permissions are restricted, and Alex is unable to view or download the recordings. Please provide guidance to Alex on how to obtain the necessary access to these Zoom recordings. Thank you, Jamie",Communication,Medium
Assistance Required for Google Calendar Setup and Integration,Assistance needed for setting up a new Google Calendar and ensuring it integrates with department-specific scheduling protocols.,Assistance Required for Google Calendar Setup and Integration. Assistance needed for setting up a new Google Calendar and ensuring it integrates with department-specific scheduling protocols.,Software,Medium
Acme: Firewall Configuration Request: FW-WS-2023 Workstation Firewall Setup,"Firewall Configuration Request

Account  Acme
Request Id  FW-WS-2023
Request Title  Workstation Firewall Setup
Request Type  Configuration
Request Schedule  As soon as possible
User  john_doe@acme.co

Click here  (https://support.acme.co/firewall-setup) for more information.

This email was automatically generated by Acme IT Support because a configuration request was submitted on your account.

If you have questions about this email communication, please contact the Acme IT Support at 1.800.123.4567 or support@acme.co .

Click here  (https://support.acme.co/user-preferences) to update your user notification preferences.","Acme: Firewall Configuration Request: FW-WS-2023 Workstation Firewall Setup. Firewall Configuration Request

Account  Acme
Request Id  FW-WS-2023
Request Title  Workstation Firewall Setup
Request Type  Configuration
Request Schedule  As soon as possible
User  john_doe@acme.co

Click here  (https://support.acme.co/firewall-setup) for more information.

This email was automatically generated by Acme IT Support because a configuration request was submitted on your account.

If you have questions about this email communication, please contact the Acme IT Support at 1.800.123.4567 or support@acme.co .

Click here  (https://support.acme.co/user-preferences) to update your user notification preferences.",Software,Medium
Fwd: Notification Trigger Issue,"Hello IT Support,

I've been experiencing persistent issues with our enterprise cloud-based application where specific user notifications intermittently fail to trigger. I suspect there might be complex event handling errors involved. Could you please investigate this and manually adjust the notification configurations? Additionally, an inspection of the server-side event processing workflows might be necessary.

Thank you!
Alex



---------- Forwarded message ---------
From: Jamie Smith <jamie.smith@acme.co>
Date: Mon, Oct 16, 2023 at 9:15 AM
Subject: Notification Trigger Issue
To: Alex Johnson <alex.johnson@acme.co>
Cc: Taylor Brown <taylor.brown@acme.co>, Jordan Lee <jordan.lee@acme.co>


Hi Alex,


I noticed that some notifications aren't being sent as expected. This has been happening intermittently and seems to be related to event handling. Could you look into this?



Jamie Smith
Product Management
Acme Co.
555.123.4567
""Innovate, Integrate, Motivate""","Fwd: Notification Trigger Issue. Hello IT Support,

I've been experiencing persistent issues with our enterprise cloud-based application where specific user notifications intermittently fail to trigger. I suspect there might be complex event handling errors involved. Could you please investigate this and manually adjust the notification configurations? Additionally, an inspection of the server-side event processing workflows might be necessary.

Thank you!
Alex



---------- Forwarded message ---------
From: Jamie Smith <jamie.smith@acme.co>
Date: Mon, Oct 16, 2023 at 9:15 AM
Subject: Notification Trigger Issue
To: Alex Johnson <alex.johnson@acme.co>
Cc: Taylor Brown <taylor.brown@acme.co>, Jordan Lee <jordan.lee@acme.co>


Hi Alex,


I noticed that some notifications aren't being sent as expected. This has been happening intermittently and seems to be related to event handling. Could you look into this?



Jamie Smith
Product Management
Acme Co.
555.123.4567
""Innovate, Integrate, Motivate""",Software,High
Google Calendar Setup Instructions,"Hi team, I'm trying to set up a personal Google Calendar to better manage my individual tasks, but I'm not sure where to start. Could you provide me with some step-by-step instructions or point me to a guide? Thanks a bunch! :)","Google Calendar Setup Instructions. Hi team, I'm trying to set up a personal Google Calendar to better manage my individual tasks, but I'm not sure where to start. Could you provide me with some step-by-step instructions or point me to a guide? Thanks a bunch! :)",Other,Low
Cloud Tool Access Issue,"Hi, I'm having trouble accessing the cloud-based collaboration tool, __AcmeCollab__. It seems like there might be an issue with my account provisioning. I should have access to the project management features, but they're currently unavailable. Could someone look into my account settings and permissions to resolve this? Thanks.","Cloud Tool Access Issue. Hi, I'm having trouble accessing the cloud-based collaboration tool, __AcmeCollab__. It seems like there might be an issue with my account provisioning. I should have access to the project management features, but they're currently unavailable. Could someone look into my account settings and permissions to resolve this? Thanks.",Account,High
Access Request for ZDesk Ticketing System,"Hello IT, I am requesting access to the ZDesk Ticketing System for our new team member, Jordan Smith. Jordan will be handling customer support queries and needs to be set up with the appropriate permissions to manage tickets effectively. Could you please ensure that Jordan has access to all necessary features within the system? Additionally, if there are any training materials or sessions available, please let us know so we can get Jordan up to speed quickly. Thank you for your assistance in getting this sorted out. Best, Alex","Access Request for ZDesk Ticketing System. Hello IT, I am requesting access to the ZDesk Ticketing System for our new team member, Jordan Smith. Jordan will be handling customer support queries and needs to be set up with the appropriate permissions to manage tickets effectively. Could you please ensure that Jordan has access to all necessary features within the system? Additionally, if there are any training materials or sessions available, please let us know so we can get Jordan up to speed quickly. Thank you for your assistance in getting this sorted out. Best, Alex",Account,Medium
Investigate Data Partitioning Issues in Cloud Warehouse,"Hi IT, Can we look into the persistent issues with our enterprise cloud-based data warehouse? Specific data partitioning strategies are intermittently failing to optimize query performance. This requires a detailed investigation and possibly manual adjustment of the partitioning configurations. We might also need to inspect the data distribution patterns. Let me know when we can discuss this further. Thanks, Alex","Investigate Data Partitioning Issues in Cloud Warehouse. Hi IT, Can we look into the persistent issues with our enterprise cloud-based data warehouse? Specific data partitioning strategies are intermittently failing to optimize query performance. This requires a detailed investigation and possibly manual adjustment of the partitioning configurations. We might also need to inspect the data distribution patterns. Let me know when we can discuss this further. Thanks, Alex",Software,High
Cloud Password Reset System Issue,"I'm experiencing persistent issues with our enterprise cloud-based password reset system. The reset links intermittently fail to generate, which requires a detailed investigation. Could you please look into the email delivery settings and inspect the user account configurations?","Cloud Password Reset System Issue. I'm experiencing persistent issues with our enterprise cloud-based password reset system. The reset links intermittently fail to generate, which requires a detailed investigation. Could you please look into the email delivery settings and inspect the user account configurations?",Software,High
Password Reset Instructions Needed - Time Tracking System,"Owner: Alex Johnson
System: Acme Time Tracker
Issue: Forgotten Password","Password Reset Instructions Needed - Time Tracking System. Owner: Alex Johnson
System: Acme Time Tracker
Issue: Forgotten Password",Account,Medium
Remote Desktop Access Troubleshooting,"Hello! I'm experiencing some issues with my remote desktop access. :) Despite having the correct configuration settings, I'm facing screen resolution and display scaling problems. Could you please assist with the following: 1. Verify the remote desktop settings to ensure they match the local machine's resolution. 2. Check if there are any updates or patches that might resolve the scaling issues. 3. Provide guidance on any additional settings that might need adjustment to improve display quality. Thank you so much!!","Remote Desktop Access Troubleshooting. Hello! I'm experiencing some issues with my remote desktop access. :) Despite having the correct configuration settings, I'm facing screen resolution and display scaling problems. Could you please assist with the following: 1. Verify the remote desktop settings to ensure they match the local machine's resolution. 2. Check if there are any updates or patches that might resolve the scaling issues. 3. Provide guidance on any additional settings that might need adjustment to improve display quality. Thank you so much!!",RemoteWork,Medium
Assistance Required for Verifying Data Backup Completion,User reports missing files in recent backup and needs manual review of backup logs and configuration settings.,Assistance Required for Verifying Data Backup Completion. User reports missing files in recent backup and needs manual review of backup logs and configuration settings.,Software,High
Slow Internet on Workstation,I'm experiencing persistent slow internet connection on my workstation. The rest of the network seems stable and all configuration settings appear correct. Could you assist in diagnosing and resolving this issue?,Slow Internet on Workstation. I'm experiencing persistent slow internet connection on my workstation. The rest of the network seems stable and all configuration settings appear correct. Could you assist in diagnosing and resolving this issue?,Network,Medium
Anyone else dealing with paper jams in the office printer?,"Anyone else dealing with paper jams in the office printer? I've tried the usual fixes like checking for stuck paper and ensuring the tray is aligned, but it keeps happening. Is there a standard procedure or guide we should be following?","Anyone else dealing with paper jams in the office printer?. Anyone else dealing with paper jams in the office printer? I've tried the usual fixes like checking for stuck paper and ensuring the tray is aligned, but it keeps happening. Is there a standard procedure or guide we should be following?",Hardware,Medium
Remote Desktop Access Setup on New Smartphone,"Hi IT,

I'm trying to set up remote desktop access on my new company-issued smartphone, but I'm running into some issues. I followed the initial setup guide, but the connection doesn't seem to establish properly. I attempted to use the Remote Desktop app, but it fails to connect to the company server.

I double-checked my network settings and ensured that my credentials are correct. Other apps and services on the phone are working fine, so I'm not sure what's causing the problem.

Could you provide detailed instructions or troubleshoot this issue?

--
Alex Johnson
IT Specialist
Acme Co (http://acme.co)","Remote Desktop Access Setup on New Smartphone. Hi IT,

I'm trying to set up remote desktop access on my new company-issued smartphone, but I'm running into some issues. I followed the initial setup guide, but the connection doesn't seem to establish properly. I attempted to use the Remote Desktop app, but it fails to connect to the company server.

I double-checked my network settings and ensured that my credentials are correct. Other apps and services on the phone are working fine, so I'm not sure what's causing the problem.

Could you provide detailed instructions or troubleshoot this issue?

--
Alex Johnson
IT Specialist
Acme Co (http://acme.co)",RemoteWork,Medium
Access Request for SF Lightning Platform,"Hello IT, I need access to the SF Lightning Platform for a new team member. They have completed all necessary onboarding procedures. Can access credentials be provided to: Alex Johnson alex.johnson@acme.co Thanks, Jamie Jamie Lee Operations Manager | Acme Co Phone: (555) 123-4567 Email: j.lee@acme.co Calendar: https://acme.co/jamie-lee","Access Request for SF Lightning Platform. Hello IT, I need access to the SF Lightning Platform for a new team member. They have completed all necessary onboarding procedures. Can access credentials be provided to: Alex Johnson alex.johnson@acme.co Thanks, Jamie Jamie Lee Operations Manager | Acme Co Phone: (555) 123-4567 Email: j.lee@acme.co Calendar: https://acme.co/jamie-lee",Account,Medium
Access Request for Premiere & After Effects Tools,Hello! I need access to the Premiere & After Effects tools that are essential for our video editing projects. Please ensure the necessary permissions are granted in the Creative Suite vault. cc: @John Doe,Access Request for Premiere & After Effects Tools. Hello! I need access to the Premiere & After Effects tools that are essential for our video editing projects. Please ensure the necessary permissions are granted in the Creative Suite vault. cc: @John Doe,Software,Medium
CRM System - Workflow Issues,Hi - I'm experiencing persistent issues with our CRM system where automated workflows intermittently fail to trigger. This requires a detailed investigation and manual adjustment of workflow configurations. Could you please look into this and inspect the integration points with external services? Thank you!,CRM System - Workflow Issues. Hi - I'm experiencing persistent issues with our CRM system where automated workflows intermittently fail to trigger. This requires a detailed investigation and manual adjustment of workflow configurations. Could you please look into this and inspect the integration points with external services? Thank you!,Software,High
Enterprise Cloud Feedback System - URGENT,"User is experiencing persistent issues with the enterprise cloud-based customer feedback system where survey responses intermittently fail to save. This requires a detailed investigation and manual adjustment of data submission settings, along with a potential inspection of server-side processing workflows.","Enterprise Cloud Feedback System - URGENT. User is experiencing persistent issues with the enterprise cloud-based customer feedback system where survey responses intermittently fail to save. This requires a detailed investigation and manual adjustment of data submission settings, along with a potential inspection of server-side processing workflows.",Software,Urgent
Access Request for GSheets & GSlides Tools,Requesting access to GSheets & GSlides tools.,Access Request for GSheets & GSlides Tools. Requesting access to GSheets & GSlides tools.,Software,Medium
Access Request for Trello Board,"Please grant access to the ""Marketing Campaigns"" Trello board for the new team members. They need to collaborate on upcoming projects and require viewing and editing permissions.","Access Request for Trello Board. Please grant access to the ""Marketing Campaigns"" Trello board for the new team members. They need to collaborate on upcoming projects and require viewing and editing permissions.",Software,Medium
CRM Custom Report Generation Issues,"Hello! Hope you are doing well. I'm experiencing persistent issues with our enterprise cloud-based CRM system where specific custom reports intermittently fail to generate. This requires a detailed investigation and manual adjustment of report configurations. Could you please look into this and also inspect the data source integration settings? Thanks! -- Alex Johnson | Senior Analyst, Customer Insights","CRM Custom Report Generation Issues. Hello! Hope you are doing well. I'm experiencing persistent issues with our enterprise cloud-based CRM system where specific custom reports intermittently fail to generate. This requires a detailed investigation and manual adjustment of report configurations. Could you please look into this and also inspect the data source integration settings? Thanks! -- Alex Johnson | Senior Analyst, Customer Insights",Software,High
Re: Request for Instructions: Creating a New Google Calendar for Project Timeline,"This is a follow-up to your previous request #5278 ""Re: Request for Instructions: Creating a New Google Calendar for Project Timeline""","Re: Request for Instructions: Creating a New Google Calendar for Project Timeline. This is a follow-up to your previous request #5278 ""Re: Request for Instructions: Creating a New Google Calendar for Project Timeline""",Other,Medium
Accessing Shared Network Drive on Tablet,"Hi,

I’m trying to access the shared network drive from my company-issued tablet, and I followed the instructions provided, but I’m not sure if I did it correctly.

I’m getting a message saying:
Access Denied: You do not have the necessary permissions.

Is there something I’m missing?

Thanks,
Alex Johnson","Accessing Shared Network Drive on Tablet. Hi,

I’m trying to access the shared network drive from my company-issued tablet, and I followed the instructions provided, but I’m not sure if I did it correctly.

I’m getting a message saying:
Access Denied: You do not have the necessary permissions.

Is there something I’m missing?

Thanks,
Alex Johnson",Network,Medium
Enterprise Cloud Tool - Task Dependency Issues,"Hi team, I'm encountering a recurring issue with our enterprise cloud-based project management tool. Task dependencies are intermittently failing to update correctly, which is causing some confusion in our project timelines. I've attached a screenshot of the error message that pops up. This requires me to manually adjust the dependency settings each time, which is quite time-consuming. Could you please investigate this? It might be related to project configuration or user permissions. Any insights or solutions would be greatly appreciated! Thanks in advance for your help.","Enterprise Cloud Tool - Task Dependency Issues. Hi team, I'm encountering a recurring issue with our enterprise cloud-based project management tool. Task dependencies are intermittently failing to update correctly, which is causing some confusion in our project timelines. I've attached a screenshot of the error message that pops up. This requires me to manually adjust the dependency settings each time, which is quite time-consuming. Could you please investigate this? It might be related to project configuration or user permissions. Any insights or solutions would be greatly appreciated! Thanks in advance for your help.",Software,High
Workstation Security Configuration,Hi there! Could you please provide instructions on setting up automatic screen lock settings for my workstation?,Workstation Security Configuration. Hi there! Could you please provide instructions on setting up automatic screen lock settings for my workstation?,Security,Medium
Instructions for Email Sync on Mobile,"Hello, We are reaching out to provide you with the necessary instructions to configure email synchronization settings on your mobile device. This will ensure that your emails are up-to-date and accessible on the go. Please follow the steps outlined in the guide available at acme.co/email-sync-guide. If you have any questions or require further assistance, feel free to contact us at it@acme.co. Thanks! Acme IT -- This email was sent to you because an Acme administrator listed you as the recipient. If you believe this was sent in error, please contact your Acme administrator. If you are unsure who this is, please contact your Helpdesk or IT Team.","Instructions for Email Sync on Mobile. Hello, We are reaching out to provide you with the necessary instructions to configure email synchronization settings on your mobile device. This will ensure that your emails are up-to-date and accessible on the go. Please follow the steps outlined in the guide available at acme.co/email-sync-guide. If you have any questions or require further assistance, feel free to contact us at it@acme.co. Thanks! Acme IT -- This email was sent to you because an Acme administrator listed you as the recipient. If you believe this was sent in error, please contact your Acme administrator. If you are unsure who this is, please contact your Helpdesk or IT Team.",Communication,Medium
Hey IT team! Could you please provide instructions on resolving common connectivity issues when accessing the remote desktop? Thanks!,Hey IT team! Could you please provide instructions on resolving common connectivity issues when accessing the remote desktop? Thanks!,Hey IT team! Could you please provide instructions on resolving common connectivity issues when accessing the remote desktop? Thanks!. Hey IT team! Could you please provide instructions on resolving common connectivity issues when accessing the remote desktop? Thanks!,RemoteWork,Medium
SFTP Upload Failures,"Let me know if I need to split into multiple tickets. I'm experiencing persistent issues with SFTP where file uploads intermittently fail. I suspect there are complex server-side configuration errors that need detailed investigation. This might require manual adjustment of server settings and possibly inspecting network security protocols. Let me know if there's anything else yall need from me on this, thanks! -- Alex Johnson IT Specialist Email: alex.johnson@acme.co","SFTP Upload Failures. Let me know if I need to split into multiple tickets. I'm experiencing persistent issues with SFTP where file uploads intermittently fail. I suspect there are complex server-side configuration errors that need detailed investigation. This might require manual adjustment of server settings and possibly inspecting network security protocols. Let me know if there's anything else yall need from me on this, thanks! -- Alex Johnson IT Specialist Email: alex.johnson@acme.co",Network,High
Alert: Export Failure - Enterprise Cloud App (user@acme.co),"Notification from Acme Cloud Services

Acme Cloud Services Image

This Export Failure alert is to inform you that a user is experiencing persistent issues with exporting reports to PDF format in your enterprise cloud-based application.

The alert details include:

User: user@acme.co (user@acme.co)

Issue: Intermittent failure to export user-generated reports to PDF

Date: Wed, Nov 15 2023 14:30 UTC

Detailed investigation and manual adjustment of export settings may be required. Additionally, inspection of server-side processing workflows is recommended to identify potential causes.

Go to Export Settings

You have received this important update about your Acme Cloud Services account because you are the designated admin recipient for this alert type. You can turn off these alerts or change the email recipients in the Notifications section of the Admin Console.

Acme LLC 123 Innovation Drive Tech City, TC 12345

-- 
You received this message because you are subscribed to the Acme Groups ""Cloud Support"" group. To unsubscribe from this group and stop receiving emails from it, send an email to cloudsupport+unsubscribe@acme.co.","Alert: Export Failure - Enterprise Cloud App (user@acme.co). Notification from Acme Cloud Services

Acme Cloud Services Image

This Export Failure alert is to inform you that a user is experiencing persistent issues with exporting reports to PDF format in your enterprise cloud-based application.

The alert details include:

User: user@acme.co (user@acme.co)

Issue: Intermittent failure to export user-generated reports to PDF

Date: Wed, Nov 15 2023 14:30 UTC

Detailed investigation and manual adjustment of export settings may be required. Additionally, inspection of server-side processing workflows is recommended to identify potential causes.

Go to Export Settings

You have received this important update about your Acme Cloud Services account because you are the designated admin recipient for this alert type. You can turn off these alerts or change the email recipients in the Notifications section of the Admin Console.

Acme LLC 123 Innovation Drive Tech City, TC 12345

-- 
You received this message because you are subscribed to the Acme Groups ""Cloud Support"" group. To unsubscribe from this group and stop receiving emails from it, send an email to cloudsupport+unsubscribe@acme.co.",Software,High
Access Request for ZDesk Agent Console,I used to have access to the ZDesk Agent Console from my dashboard. I don't see it anymore. Please advise.,Access Request for ZDesk Agent Console. I used to have access to the ZDesk Agent Console from my dashboard. I don't see it anymore. Please advise.,Software,Medium
Troubleshooting VPN Connection: Access Issue to Internal Resources,User is unable to access specific internal resources despite a successful VPN connection and correct configuration settings.,Troubleshooting VPN Connection: Access Issue to Internal Resources. User is unable to access specific internal resources despite a successful VPN connection and correct configuration settings.,Network,High
Need guidance on setting up new hire's access to training portal,"I am trying to set up access for a new hire to our internal training portal, but I'm not sure of the exact steps to follow. I've looked through the usual setup guides, but I can't find anything specific to the training portal access. Could you please provide detailed instructions or direct me to the right resources? This is quite urgent as the new hire needs to start their training soon. Thanks for your help!","Need guidance on setting up new hire's access to training portal. I am trying to set up access for a new hire to our internal training portal, but I'm not sure of the exact steps to follow. I've looked through the usual setup guides, but I can't find anything specific to the training portal access. Could you please provide detailed instructions or direct me to the right resources? This is quite urgent as the new hire needs to start their training soon. Thanks for your help!",Other,High
Hello! Assistance Required for Resetting Password: Security Questions Not Recognized.,Hello! I'm having trouble resetting my password as the security questions are not being recognized despite providing the correct answers. Could you please assist me with this issue?,Hello! Assistance Required for Resetting Password: Security Questions Not Recognized.. Hello! I'm having trouble resetting my password as the security questions are not being recognized despite providing the correct answers. Could you please assist me with this issue?,Account,Medium
ERP System Inventory Level Discrepancies,"Hi IT,

I've been encountering persistent issues with our ERP system where the inventory levels are inaccurately reflected. This requires a detailed investigation and manual adjustment of the inventory tracking settings. Additionally, there might be a need to reconcile data discrepancies across multiple modules.

I receive the message ""Data Mismatch Detected"" when attempting to update the inventory.

--
Alex Johnson
Operations Coordinator - Inventory Management (https://acme.co/wiki/inventory-management)
Acme Co (http://acme.co)
Schedule a 30 Minute Meeting with me (https://acme.co/alexjohnson/30-minute-meeting)","ERP System Inventory Level Discrepancies. Hi IT,

I've been encountering persistent issues with our ERP system where the inventory levels are inaccurately reflected. This requires a detailed investigation and manual adjustment of the inventory tracking settings. Additionally, there might be a need to reconcile data discrepancies across multiple modules.

I receive the message ""Data Mismatch Detected"" when attempting to update the inventory.

--
Alex Johnson
Operations Coordinator - Inventory Management (https://acme.co/wiki/inventory-management)
Acme Co (http://acme.co)
Schedule a 30 Minute Meeting with me (https://acme.co/alexjohnson/30-minute-meeting)",Software,High
Access Request for MS Teams and OneDrive Integration,"Hi IT Team! I'm looking to integrate MS Teams with OneDrive for seamless file sharing and collaboration. However, I don't seem to have the necessary permissions to set up the integration. Could you please assist in granting the required access or guide me through the process? Thanks!","Access Request for MS Teams and OneDrive Integration. Hi IT Team! I'm looking to integrate MS Teams with OneDrive for seamless file sharing and collaboration. However, I don't seem to have the necessary permissions to set up the integration. Could you please assist in granting the required access or guide me through the process? Thanks!",Software,Medium
Instructions for Troubleshooting Slow Internet on Company Tablet,Request for step-by-step instructions to troubleshoot slow internet connection on a company-issued tablet.,Instructions for Troubleshooting Slow Internet on Company Tablet. Request for step-by-step instructions to troubleshoot slow internet connection on a company-issued tablet.,Network,Medium
Access Setup for New Hire on Internal Communication Platform,"I need instructions on setting up access for a new hire to our internal communication platform. Specifically, I need to know the steps to grant them access to the channels relevant to their department. I'm not sure what permissions or roles are required for this setup, sorry.","Access Setup for New Hire on Internal Communication Platform. I need instructions on setting up access for a new hire to our internal communication platform. Specifically, I need to know the steps to grant them access to the channels relevant to their department. I'm not sure what permissions or roles are required for this setup, sorry.",Communication,Medium
Email Encryption Decryption Error,"Hello,

I'm having trouble with our email encryption software. Encrypted messages aren't decrypting correctly, and it's causing quite a bit of disruption. Could you look into this? I think it might need a detailed investigation and possibly some manual reconfiguration of the encryption settings or key management adjustments.

Thanks,

Alex

--
Alex Smith
IT Specialist, Acme Co || Reach out to me (http://acme.co/alex-smith) !","Email Encryption Decryption Error. Hello,

I'm having trouble with our email encryption software. Encrypted messages aren't decrypting correctly, and it's causing quite a bit of disruption. Could you look into this? I think it might need a detailed investigation and possibly some manual reconfiguration of the encryption settings or key management adjustments.

Thanks,

Alex

--
Alex Smith
IT Specialist, Acme Co || Reach out to me (http://acme.co/alex-smith) !",Software,High
Remote Desktop Access Setup,"Hi there

Could you please provide me with the instructions to set up remote desktop access on my new personal tablet? I need to ensure I can access work resources efficiently.

Thanks

Alex Johnson | IT Support Specialist Acme Co. (https://acme.co) • New York, USA","Remote Desktop Access Setup. Hi there

Could you please provide me with the instructions to set up remote desktop access on my new personal tablet? I need to ensure I can access work resources efficiently.

Thanks

Alex Johnson | IT Support Specialist Acme Co. (https://acme.co) • New York, USA",RemoteWork,Medium
Assistance Required: Troubleshooting Email Configuration on Mobile Device,"Notification from Acme IT Support

Acme Co. Image

This assistance request is to inform you that a user is experiencing issues accessing subfolders on their mobile device despite correct account setup and sync settings.

The request details include:

User: John Doe (john.doe@acme.co)

By: Service Account (it-support@acme.co)

Date: Mon, Oct 16 2023 10:45 UTC

Support Center is not enabled for this issue. Support Center can provide additional details, investigation options, and troubleshooting recommendations. To enable, turn on support in the issue detail page.

Go to Issue Details

You have received this important update about your Acme Co. account because you are the designated admin recipient for this support type. You can turn off these notifications or change the email recipients in the Support section of the Admin Console.

Acme Co. 123 Innovation Drive Tech City, CA 94043

-- 
You received this message because you are subscribed to the Acme Co. ""IT Support"" group. To unsubscribe from this group and stop receiving emails from it, send an email to itsupport+unsubscribe@acme.co.","Assistance Required: Troubleshooting Email Configuration on Mobile Device. Notification from Acme IT Support

Acme Co. Image

This assistance request is to inform you that a user is experiencing issues accessing subfolders on their mobile device despite correct account setup and sync settings.

The request details include:

User: John Doe (john.doe@acme.co)

By: Service Account (it-support@acme.co)

Date: Mon, Oct 16 2023 10:45 UTC

Support Center is not enabled for this issue. Support Center can provide additional details, investigation options, and troubleshooting recommendations. To enable, turn on support in the issue detail page.

Go to Issue Details

You have received this important update about your Acme Co. account because you are the designated admin recipient for this support type. You can turn off these notifications or change the email recipients in the Support section of the Admin Console.

Acme Co. 123 Innovation Drive Tech City, CA 94043

-- 
You received this message because you are subscribed to the Acme Co. ""IT Support"" group. To unsubscribe from this group and stop receiving emails from it, send an email to itsupport+unsubscribe@acme.co.",Communication,Medium
Adobe Premiere Rush Access Request,"I frequently need to edit short video clips for our social media channels, and it would be incredibly beneficial to have access to Adobe Premiere Rush. Currently, I'm using basic editing tools that lack the features I need for professional-quality videos. Having Premiere Rush would streamline my workflow and enhance the quality of our content. If possible, could you grant me access to this application?","Adobe Premiere Rush Access Request. I frequently need to edit short video clips for our social media channels, and it would be incredibly beneficial to have access to Adobe Premiere Rush. Currently, I'm using basic editing tools that lack the features I need for professional-quality videos. Having Premiere Rush would streamline my workflow and enhance the quality of our content. If possible, could you grant me access to this application?",Software,Medium
JIRA Access Request,Hello - I need access to the JIRA Issue Tracking System for project management purposes. Could you please assist in granting me the necessary permissions? Thank you!,JIRA Access Request. Hello - I need access to the JIRA Issue Tracking System for project management purposes. Could you please assist in granting me the necessary permissions? Thank you!,Software,Medium
Re: [Acme IT] Re: Ticket #10452 - Investigation: Suspected Phishing Email Incident,"This is a follow-up to your previous request #10452 ""Investigation: Suspected Phishing Email Incident""","Re: [Acme IT] Re: Ticket #10452 - Investigation: Suspected Phishing Email Incident. This is a follow-up to your previous request #10452 ""Investigation: Suspected Phishing Email Incident""",Security,High
Notification Delivery Issue: Enterprise Cloud App,"The following user is experiencing intermittent notification delivery failures in our enterprise cloud-based application. Manual adjustments needed: 1. [Notification Settings](https://acme.co/notification-settings) 2. [External Messaging Integration](https://acme.co/messaging-integration) Verify if the integration with external messaging services is functioning correctly. If issues persist, please escalate to [Tech Support](https://acme.co/support) with details below for further investigation. User: John Doe Email: john.doe@acme.co Application: Enterprise Cloud App","Notification Delivery Issue: Enterprise Cloud App. The following user is experiencing intermittent notification delivery failures in our enterprise cloud-based application. Manual adjustments needed: 1. [Notification Settings](https://acme.co/notification-settings) 2. [External Messaging Integration](https://acme.co/messaging-integration) Verify if the integration with external messaging services is functioning correctly. If issues persist, please escalate to [Tech Support](https://acme.co/support) with details below for further investigation. User: John Doe Email: john.doe@acme.co Application: Enterprise Cloud App",Software,High
Productiv - Network: : Troubleshooting slow internet connection requested by john.doe@acme.co,"Issue Reported: Slow Internet Connection

Device: Personal Laptop

Troubleshooting Steps Required ?
Yes

Assistance Needed From:
it.support@acme.co

Requester:
John Doe
IT Specialist
Manager: jane.smith@acme.co

Request Date:
Oct 5, 2023

Request Note:
Hello, I've been experiencing a slow internet connection on my personal laptop. Could you please provide detailed instructions on how to troubleshoot this issue? Thank you.","Productiv - Network: : Troubleshooting slow internet connection requested by john.doe@acme.co. Issue Reported: Slow Internet Connection

Device: Personal Laptop

Troubleshooting Steps Required ?
Yes

Assistance Needed From:
it.support@acme.co

Requester:
John Doe
IT Specialist
Manager: jane.smith@acme.co

Request Date:
Oct 5, 2023

Request Note:
Hello, I've been experiencing a slow internet connection on my personal laptop. Could you please provide detailed instructions on how to troubleshoot this issue? Thank you.",Network,Medium
Request: Data Restoration Instructions - backup@acme.co,"Notification from Acme Backup System

Acme Backup Image

This Data Restoration Request is to inform you that instructions are needed to restore data from a backup using company-approved software.

The request details include:

Requester: backup@acme.co

By: John Doe Admin (john-admin@acme.co)

Date: Thu, Oct 12 2023 10:15 UTC

The Backup System is not configured for automatic restoration. Manual intervention is required to proceed with data recovery. To enable, follow the instructions in the software manual.

Go to Software Manual

You have received this important update about your Acme Backup System because you are the designated admin recipient for this request type. You can turn off these notifications or change the email recipients in the Settings section of the Admin Console.

Acme Co 1234 Elm Street Springfield, USA

-- 
You received this message because you are subscribed to the Acme Co ""Data Management"" group. To unsubscribe from this group and stop receiving emails from it, send an email to datamanagement+unsubscribe@acme.co.","Request: Data Restoration Instructions - backup@acme.co. Notification from Acme Backup System

Acme Backup Image

This Data Restoration Request is to inform you that instructions are needed to restore data from a backup using company-approved software.

The request details include:

Requester: backup@acme.co

By: John Doe Admin (john-admin@acme.co)

Date: Thu, Oct 12 2023 10:15 UTC

The Backup System is not configured for automatic restoration. Manual intervention is required to proceed with data recovery. To enable, follow the instructions in the software manual.

Go to Software Manual

You have received this important update about your Acme Backup System because you are the designated admin recipient for this request type. You can turn off these notifications or change the email recipients in the Settings section of the Admin Console.

Acme Co 1234 Elm Street Springfield, USA

-- 
You received this message because you are subscribed to the Acme Co ""Data Management"" group. To unsubscribe from this group and stop receiving emails from it, send an email to datamanagement+unsubscribe@acme.co.",Software,Medium
Access Request for Adobe Dreamweaver,"![](https://ca.slack-edge.com/T02T2CNL7-U02T78PKRKJ-91e0ff3b09b9-48)

**Alex Johnson ![:heads-down_1:](https://slack-imgs.com/?c=1&o1=gu&url=https%3A%2F%2Femoji.slack-edge.com%2FT02T2CNL7%2Fheads-down_1%2F803e5913ffc060cc.png)**  10:15 AM

Hi!! I’m hoping you can help me out. I need access to Adobe Dreamweaver for a web design project, but I can't seem to find it in my applications. How can I get this set up?

![](https://ca.slack-edge.com/T02T2CNL7-U02C17MBC6N-4a4fccc528c5-48)

**Jamie Lee**  10:20 AM

Hey Alex!

10:20

How did this happen!! ![:sadblob:](https://emoji.slack-edge.com/T02T2CNL7/sadblob/50f1c82797fe7e9e.gif)

* * *
**New**

![](https://ca.slack-edge.com/T02T2CNL7-U02T78PKRKJ-91e0ff3b09b9-48)

**Alex Johnson ![:heads-down_1:](https://slack-imgs.com/?c=1&o1=gu&url=https%3A%2F%2Femoji.slack-edge.com%2FT02T2CNL7%2Fheads-down_1%2F803e5913ffc060cc.png)**  10:22 AM

Idk!!!!! I was sure it was installed. I checked the Creative Cloud app and it's not there.

![:eyes:](https://a.slack-edge.com/production-standard-emoji-assets/14.0/apple-small/1f440.png)**1**


![](https://ca.slack-edge.com/T02T2CNL7-U02C17MBC6N-4a4fccc528c5-48)

**Jamie Lee**  10:25 AM

hmm have you tried logging into the Adobe portal at [adobe.acme.co](https://adobe.acme.co) to see if it's available for download? (edited)

![](https://ca.slack-edge.com/T02T2CNL7-U02T78PKRKJ-91e0ff3b09b9-48)

**Alex Johnson ![:heads-down_1:](https://slack-imgs.com/?c=1&o1=gu&url=https%3A%2F%2Femoji.slack-edge.com%2FT02T2CNL7%2Fheads-down_1%2F803e5913ffc060cc.png)**  10:27 AM

Yes, I tried that but it says I don't have the right permissions.

![](https://ca.slack-edge.com/T02T2CNL7-U02C17MBC6N-4a4fccc528c5-48)

**Jamie Lee**  10:30 AM

Alright, let me check your account settings and see if I can grant you access.

10:30

Hang tight!

![](https://ca.slack-edge.com/T02T2CNL7-U02T78PKRKJ-91e0ff3b09b9-48)

**Alex Johnson ![:heads-down_1:](https://slack-imgs.com/?c=1&o1=gu&url=https%3A%2F%2Femoji.slack-edge.com%2FT02T2CNL7%2Fheads-down_1%2F803e5913ffc060cc.png)**  10:32 AM

Thanks so much!

10:32

I really need to get started on this project.

![:np:](https://emoji.slack-edge.com/T02T2CNL7/np/a6b77c0e7ffe8e18.gif)**1**


![](https://ca.slack-edge.com/T02T2CNL7-U02C17MBC6N-4a4fccc528c5-48)

**Jamie Lee**  10:35 AM

You should be good to go now. Try accessing it again!

![](https://ca.slack-edge.com/T02T2CNL7-U02T78PKRKJ-91e0ff3b09b9-48)

**Alex Johnson ![:heads-down_1:](https://slack-imgs.com/?c=1&o1=gu&url=https%3A%2F%2Femoji.slack-edge.com%2FT02T2CNL7%2Fheads-down_1%2F803e5913ffc060cc.png)**  10:40 AM

It works! You're a lifesaver!

10:40

Thank you so much!

![:np:](https://emoji.slack-edge.com/T02T2CNL7/np/a6b77c0e7ffe8e18.gif)**1**


![](https://ca.slack-edge.com/T02T2CNL7-U02C17MBC6N-4a4fccc528c5-48)

**Jamie Lee**  10:42 AM

![:turtle-dance:](https://emoji.slack-edge.com/T02T2CNL7/turtle-dance/8307b0166494dd05.gif)

10:42

Let me know if you need anything else!","Access Request for Adobe Dreamweaver. ![](https://ca.slack-edge.com/T02T2CNL7-U02T78PKRKJ-91e0ff3b09b9-48)

**Alex Johnson ![:heads-down_1:](https://slack-imgs.com/?c=1&o1=gu&url=https%3A%2F%2Femoji.slack-edge.com%2FT02T2CNL7%2Fheads-down_1%2F803e5913ffc060cc.png)**  10:15 AM

Hi!! I’m hoping you can help me out. I need access to Adobe Dreamweaver for a web design project, but I can't seem to find it in my applications. How can I get this set up?

![](https://ca.slack-edge.com/T02T2CNL7-U02C17MBC6N-4a4fccc528c5-48)

**Jamie Lee**  10:20 AM

Hey Alex!

10:20

How did this happen!! ![:sadblob:](https://emoji.slack-edge.com/T02T2CNL7/sadblob/50f1c82797fe7e9e.gif)

* * *
**New**

![](https://ca.slack-edge.com/T02T2CNL7-U02T78PKRKJ-91e0ff3b09b9-48)

**Alex Johnson ![:heads-down_1:](https://slack-imgs.com/?c=1&o1=gu&url=https%3A%2F%2Femoji.slack-edge.com%2FT02T2CNL7%2Fheads-down_1%2F803e5913ffc060cc.png)**  10:22 AM

Idk!!!!! I was sure it was installed. I checked the Creative Cloud app and it's not there.

![:eyes:](https://a.slack-edge.com/production-standard-emoji-assets/14.0/apple-small/1f440.png)**1**


![](https://ca.slack-edge.com/T02T2CNL7-U02C17MBC6N-4a4fccc528c5-48)

**Jamie Lee**  10:25 AM

hmm have you tried logging into the Adobe portal at [adobe.acme.co](https://adobe.acme.co) to see if it's available for download? (edited)

![](https://ca.slack-edge.com/T02T2CNL7-U02T78PKRKJ-91e0ff3b09b9-48)

**Alex Johnson ![:heads-down_1:](https://slack-imgs.com/?c=1&o1=gu&url=https%3A%2F%2Femoji.slack-edge.com%2FT02T2CNL7%2Fheads-down_1%2F803e5913ffc060cc.png)**  10:27 AM

Yes, I tried that but it says I don't have the right permissions.

![](https://ca.slack-edge.com/T02T2CNL7-U02C17MBC6N-4a4fccc528c5-48)

**Jamie Lee**  10:30 AM

Alright, let me check your account settings and see if I can grant you access.

10:30

Hang tight!

![](https://ca.slack-edge.com/T02T2CNL7-U02T78PKRKJ-91e0ff3b09b9-48)

**Alex Johnson ![:heads-down_1:](https://slack-imgs.com/?c=1&o1=gu&url=https%3A%2F%2Femoji.slack-edge.com%2FT02T2CNL7%2Fheads-down_1%2F803e5913ffc060cc.png)**  10:32 AM

Thanks so much!

10:32

I really need to get started on this project.

![:np:](https://emoji.slack-edge.com/T02T2CNL7/np/a6b77c0e7ffe8e18.gif)**1**


![](https://ca.slack-edge.com/T02T2CNL7-U02C17MBC6N-4a4fccc528c5-48)

**Jamie Lee**  10:35 AM

You should be good to go now. Try accessing it again!

![](https://ca.slack-edge.com/T02T2CNL7-U02T78PKRKJ-91e0ff3b09b9-48)

**Alex Johnson ![:heads-down_1:](https://slack-imgs.com/?c=1&o1=gu&url=https%3A%2F%2Femoji.slack-edge.com%2FT02T2CNL7%2Fheads-down_1%2F803e5913ffc060cc.png)**  10:40 AM

It works! You're a lifesaver!

10:40

Thank you so much!

![:np:](https://emoji.slack-edge.com/T02T2CNL7/np/a6b77c0e7ffe8e18.gif)**1**


![](https://ca.slack-edge.com/T02T2CNL7-U02C17MBC6N-4a4fccc528c5-48)

**Jamie Lee**  10:42 AM

![:turtle-dance:](https://emoji.slack-edge.com/T02T2CNL7/turtle-dance/8307b0166494dd05.gif)

10:42

Let me know if you need anything else!",Software,Medium
Cloud Platform Escalation Issue,Experiencing persistent issues with our enterprise cloud-based customer support platform. Specific support tickets intermittently fail to escalate to higher support tiers. This requires a detailed investigation and manual adjustment of escalation rules. Please inspect workflow configurations to resolve this.,Cloud Platform Escalation Issue. Experiencing persistent issues with our enterprise cloud-based customer support platform. Specific support tickets intermittently fail to escalate to higher support tiers. This requires a detailed investigation and manual adjustment of escalation rules. Please inspect workflow configurations to resolve this.,Software,High
Synchronization issues with cloud-based document editing software,Persistent issues with collaborative editing features failing to synchronize changes in real-time.,Synchronization issues with cloud-based document editing software. Persistent issues with collaborative editing features failing to synchronize changes in real-time.,Software,High
VPN Configuration Help Needed,"Hello IT Team! 

I've just received my new company-issued laptop and I'm having trouble configuring the VPN settings. I've followed the instructions provided in the onboarding email, but I can't seem to establish a connection. Could you provide some guidance or additional instructions? Here's a screenshot of the error message I'm encountering: https://acme.co/vpn-error-screenshot

Thanks in advance!","VPN Configuration Help Needed. Hello IT Team! 

I've just received my new company-issued laptop and I'm having trouble configuring the VPN settings. I've followed the instructions provided in the onboarding email, but I can't seem to establish a connection. Could you provide some guidance or additional instructions? Here's a screenshot of the error message I'm encountering: https://acme.co/vpn-error-screenshot

Thanks in advance!",Network,Medium
Request for Instructions on Reporting Phishing Email,"Hi IT, I hope you are well! I received a phishing email in my personal email account and would like to report it following our company guidelines. Could you please provide me with the necessary instructions? I cc'd John for his awareness. Thanks!","Request for Instructions on Reporting Phishing Email. Hi IT, I hope you are well! I received a phishing email in my personal email account and would like to report it following our company guidelines. Could you please provide me with the necessary instructions? I cc'd John for his awareness. Thanks!",Security,Medium
Assistance Required for Phishing Email Investigation,"Hi team, Could someone please assist in investigating a phishing email incident? Despite our security measures, a phishing email was forwarded to external contacts. We need to understand how this happened and ensure it doesn't occur again. If there's anything you need from me, please let me know. I appreciate your help with this matter. Best, -- John Doe  |  IT Support, Specialist Acme Co (https://acme.co/)   •  New York, NY","Assistance Required for Phishing Email Investigation. Hi team, Could someone please assist in investigating a phishing email incident? Despite our security measures, a phishing email was forwarded to external contacts. We need to understand how this happened and ensure it doesn't occur again. If there's anything you need from me, please let me know. I appreciate your help with this matter. Best, -- John Doe  |  IT Support, Specialist Acme Co (https://acme.co/)   •  New York, NY",Security,High
Assistance Required for Troubleshooting Persistent Slow Internet Connection on Specific Workstation,"Hi, I'm experiencing persistent slow internet connection on my workstation. Despite having the correct network configuration and a recent router firmware update, the speed remains inconsistent. I suspect there might be an issue with the Network Interface Card that needs a physical inspection. Could you please assist with this? Thank you for your help! -- Alex Johnson | IT Support Specialist Acme Co.","Assistance Required for Troubleshooting Persistent Slow Internet Connection on Specific Workstation. Hi, I'm experiencing persistent slow internet connection on my workstation. Despite having the correct network configuration and a recent router firmware update, the speed remains inconsistent. I suspect there might be an issue with the Network Interface Card that needs a physical inspection. Could you please assist with this? Thank you for your help! -- Alex Johnson | IT Support Specialist Acme Co.",Network,High
Password Reset Assistance Needed,"Hi IT, I need help resetting my password for our video conferencing software. I forgot it and can't log in. I tried using the 'Forgot Password' link, but it didn't work. My colleague was able to reset theirs without any issues.","Password Reset Assistance Needed. Hi IT, I need help resetting my password for our video conferencing software. I forgot it and can't log in. I tried using the 'Forgot Password' link, but it didn't work. My colleague was able to reset theirs without any issues.",Software,Medium
Voice Command Execution Issues in Cloud-Based System,"Hey team! I've been having some trouble with our enterprise cloud-based voice recognition system. It seems like certain voice commands are intermittently failing to execute. I've tried adjusting the voice recognition settings manually, but the issue persists. Could it be something with the audio input configurations? :thinking_face: Should I continue tweaking the settings, or is there a specific troubleshooting step you recommend? Happy to follow any instructions you might have! :slightly_smiling_face:","Voice Command Execution Issues in Cloud-Based System. Hey team! I've been having some trouble with our enterprise cloud-based voice recognition system. It seems like certain voice commands are intermittently failing to execute. I've tried adjusting the voice recognition settings manually, but the issue persists. Could it be something with the audio input configurations? :thinking_face: Should I continue tweaking the settings, or is there a specific troubleshooting step you recommend? Happy to follow any instructions you might have! :slightly_smiling_face:",Software,Medium
Request for Email Configuration on Personal Tablet,"I need assistance with setting up my company email on my personal tablet. Could you please provide step-by-step instructions? I want to ensure that I follow the correct protocol and security measures. If there are any specific settings or apps required, kindly let me know. Thank you!","Request for Email Configuration on Personal Tablet. I need assistance with setting up my company email on my personal tablet. Could you please provide step-by-step instructions? I want to ensure that I follow the correct protocol and security measures. If there are any specific settings or apps required, kindly let me know. Thank you!",RemoteWork,Medium
Setting Default Paper Tray for Office Printer,"Hi Team! Could you guide me on how to set a default paper tray for our office printer? It's a bit confusing, and I want to make sure I'm doing it right. Having the correct tray set as default would really streamline our printing process. Thanks! Alex","Setting Default Paper Tray for Office Printer. Hi Team! Could you guide me on how to set a default paper tray for our office printer? It's a bit confusing, and I want to make sure I'm doing it right. Having the correct tray set as default would really streamline our printing process. Thanks! Alex",Hardware,Medium
Google Calendar Event Reminders Not Triggering,"+ IT Team

Hi IT Team, can you please assist with troubleshooting an issue where Google Calendar event reminders are not triggering on the desktop application despite correct settings and synchronization with the online account?

Creating this ticket from IT ticket: https://acme.co/ithelp/tickets/12345

Issue: Google Calendar Reminders (Desktop Application)","Google Calendar Event Reminders Not Triggering. + IT Team

Hi IT Team, can you please assist with troubleshooting an issue where Google Calendar event reminders are not triggering on the desktop application despite correct settings and synchronization with the online account?

Creating this ticket from IT ticket: https://acme.co/ithelp/tickets/12345

Issue: Google Calendar Reminders (Desktop Application)",Software,Medium
Enterprise Email Archiving Retrieval Issues,"Experiencing persistent issues with the enterprise email archiving system. Archived emails intermittently fail to retrieve, requiring detailed investigation and manual adjustment of archiving settings. Please inspect the storage infrastructure as well.","Enterprise Email Archiving Retrieval Issues. Experiencing persistent issues with the enterprise email archiving system. Archived emails intermittently fail to retrieve, requiring detailed investigation and manual adjustment of archiving settings. Please inspect the storage infrastructure as well.",Other,High
Access Request for GMail & GDrive Services,Access to GMail & GDrive services granted.,Access Request for GMail & GDrive Services. Access to GMail & GDrive services granted.,Account,Medium
Video Editing Software Rendering Issue,"Hi IT Team, I'm encountering persistent issues with our enterprise cloud-based video editing software. The rendering processes intermittently fail to complete, and it's becoming quite a hassle. I've tried adjusting the rendering settings manually, but the problem persists. Could you please investigate this further? It might require a detailed inspection of the server-side processing resources. Thanks!","Video Editing Software Rendering Issue. Hi IT Team, I'm encountering persistent issues with our enterprise cloud-based video editing software. The rendering processes intermittently fail to complete, and it's becoming quite a hassle. I've tried adjusting the rendering settings manually, but the problem persists. Could you please investigate this further? It might require a detailed inspection of the server-side processing resources. Thanks!",Software,High
Setting Up New Office Printer on Company Laptop,"Hi IT Team, I'm in the process of setting up a new office printer on my company-issued laptop and could use some guidance. Could you provide step-by-step instructions or direct me to a resource that outlines the process? I'm aiming to have this set up by the end of the week, as I need to print several documents for an upcoming meeting. If there are any specific drivers or software I need to install, please let me know. Thank you for your assistance!","Setting Up New Office Printer on Company Laptop. Hi IT Team, I'm in the process of setting up a new office printer on my company-issued laptop and could use some guidance. Could you provide step-by-step instructions or direct me to a resource that outlines the process? I'm aiming to have this set up by the end of the week, as I need to print several documents for an upcoming meeting. If there are any specific drivers or software I need to install, please let me know. Thank you for your assistance!",Hardware,Medium
ETL Process Failures in Data Warehouse,"Hello IT Team, I'm experiencing persistent issues with our enterprise data warehouse where the scheduled ETL processes intermittently fail to complete. This requires a detailed investigation and manual adjustment of the ETL workflow configurations. Additionally, there might be a need to inspect the data source connectivity and transformation logic. Could you please look into this at your earliest convenience? Thank you!","ETL Process Failures in Data Warehouse. Hello IT Team, I'm experiencing persistent issues with our enterprise data warehouse where the scheduled ETL processes intermittently fail to complete. This requires a detailed investigation and manual adjustment of the ETL workflow configurations. Additionally, there might be a need to inspect the data source connectivity and transformation logic. Could you please look into this at your earliest convenience? Thank you!",Software,High
Slow Internet Connection Troubleshooting,"User is experiencing slow internet connection on personal desktop computer. Internet speed is significantly reduced, affecting work efficiency. Requesting detailed troubleshooting steps to resolve the issue. Slow connection persists despite restarting the router and computer.","Slow Internet Connection Troubleshooting. User is experiencing slow internet connection on personal desktop computer. Internet speed is significantly reduced, affecting work efficiency. Requesting detailed troubleshooting steps to resolve the issue. Slow connection persists despite restarting the router and computer.",Network,Medium
Audit trail for Productiv AppCenter request for Adobe Dimension 3D Design Tools,"Audit trail details.

Request details:
	Requester email: j.doe@acme.co
	Requester name: John Doe
	Requester department: Design
	Application requested: Adobe Dimension 3D Design Tools
	License requested: Full Access
	Request submitted at: 2024-10-12T09:45:00-07:00
	Request note: Ready to create stunning 3D visuals! :)

Fulfillment details:
	Fulfillment channel: okta
	Executed at: 2024-10-12T09:46:30-07:00","Audit trail for Productiv AppCenter request for Adobe Dimension 3D Design Tools. Audit trail details.

Request details:
	Requester email: j.doe@acme.co
	Requester name: John Doe
	Requester department: Design
	Application requested: Adobe Dimension 3D Design Tools
	License requested: Full Access
	Request submitted at: 2024-10-12T09:45:00-07:00
	Request note: Ready to create stunning 3D visuals! :)

Fulfillment details:
	Fulfillment channel: okta
	Executed at: 2024-10-12T09:46:30-07:00",Software,Medium
Access Request for Asana Project Templates,"Please grant access to @Alex Johnson for the following Asana project templates: Marketing Campaigns, Product Launch, and Team Meetings. Ensure that the permissions allow for editing and template duplication.","Access Request for Asana Project Templates. Please grant access to @Alex Johnson for the following Asana project templates: Marketing Campaigns, Product Launch, and Team Meetings. Ensure that the permissions allow for editing and template duplication.",Software,Medium
Instructions for Creating a New Google Calendar for Cross-Departmental Meetings,Instructions needed for setting up a new Google Calendar.,Instructions for Creating a New Google Calendar for Cross-Departmental Meetings. Instructions needed for setting up a new Google Calendar.,Other,Medium
Fwd: Need help with network drive,Can't seem to figure out how to map a shared network drive on my company laptop. Could you provide some instructions?,Fwd: Need help with network drive. Can't seem to figure out how to map a shared network drive on my company laptop. Could you provide some instructions?,Network,Medium
Assistance Required for Investigating and Resolving Workstation Security Alert,"Security alert details.

Request details:
	Requester email: alex.jones@acme.co
	Requester name: Alex Jones
	Requester department: IT Support
	Issue reported: Inability to update security software definitions
	Guidelines followed: Securing Your Workstation
	Issue reported at: 2024-06-10T14:22:45-07:00
	Request note: urgent security concern

Investigation details:
	Investigated by: sam.taylor@acme.co
	Investigated at: 2024-06-10T15:30:00-07:00
	Investigation status: IN PROGRESS

Resolution details:
	Resolution channel: internal support system
	Expected resolution time: 2024-06-11T10:00:00-07:00","Assistance Required for Investigating and Resolving Workstation Security Alert. Security alert details.

Request details:
	Requester email: alex.jones@acme.co
	Requester name: Alex Jones
	Requester department: IT Support
	Issue reported: Inability to update security software definitions
	Guidelines followed: Securing Your Workstation
	Issue reported at: 2024-06-10T14:22:45-07:00
	Request note: urgent security concern

Investigation details:
	Investigated by: sam.taylor@acme.co
	Investigated at: 2024-06-10T15:30:00-07:00
	Investigation status: IN PROGRESS

Resolution details:
	Resolution channel: internal support system
	Expected resolution time: 2024-06-11T10:00:00-07:00",Security,High
Unauthorized Access Alerts on Workstation,Unauthorized access alerts investigation.,Unauthorized Access Alerts on Workstation. Unauthorized access alerts investigation.,Security,High
Access Request for GDrive & GCal Services,"Hey team, I recently joined the marketing department and noticed I don't have access to Google Drive and Google Calendar services. Could you please grant me the necessary permissions? Let me know if you need any additional information from my side. Best, Alex Johnson | Marketing Specialist | he/him","Access Request for GDrive & GCal Services. Hey team, I recently joined the marketing department and noticed I don't have access to Google Drive and Google Calendar services. Could you please grant me the necessary permissions? Let me know if you need any additional information from my side. Best, Alex Johnson | Marketing Specialist | he/him",Account,Medium
Access Request for SFDC Analytics Dashboard,"Hello IT team! I've been informed by our sales operations manager, Alex Johnson, that I need access to the SFDC Analytics Dashboard to better analyze our sales data and performance metrics. Currently, I don't have the necessary permissions to view or interact with the dashboard. Could you please assist in granting me the appropriate access? My email is jane.doe@acme.co. Once access is granted, Alex will verify that everything is set up correctly. Looking forward to your assistance on this matter! -- Cheers Sales Analyst at Acme Co Office Hours: Monday - Thursday 9am to 5pm PST","Access Request for SFDC Analytics Dashboard. Hello IT team! I've been informed by our sales operations manager, Alex Johnson, that I need access to the SFDC Analytics Dashboard to better analyze our sales data and performance metrics. Currently, I don't have the necessary permissions to view or interact with the dashboard. Could you please assist in granting me the appropriate access? My email is jane.doe@acme.co. Once access is granted, Alex will verify that everything is set up correctly. Looking forward to your assistance on this matter! -- Cheers Sales Analyst at Acme Co Office Hours: Monday - Thursday 9am to 5pm PST",Account,Medium
Access Request for Adobe Spark Design Tools,"Hi team, Jordan Smith has requested access to Adobe Spark Design Tools which has been approved by the design department. Creating this access request to provide the necessary permissions for Jordan to utilize Adobe Spark for upcoming projects. Please ensure access is granted by Friday to align with project timelines.","Access Request for Adobe Spark Design Tools. Hi team, Jordan Smith has requested access to Adobe Spark Design Tools which has been approved by the design department. Creating this access request to provide the necessary permissions for Jordan to utilize Adobe Spark for upcoming projects. Please ensure access is granted by Friday to align with project timelines.",Software,Medium
Access to Asana Task Tracker,"Hello! 

Hoping to get access to the Asana Task Tracker. Jordan currently has access, and we'd love for me to have access as well so we can manage tasks efficiently even if one of us is out of office. 

Thanks!","Access to Asana Task Tracker. Hello! 

Hoping to get access to the Asana Task Tracker. Jordan currently has access, and we'd love for me to have access as well so we can manage tasks efficiently even if one of us is out of office. 

Thanks!",Software,Medium
Password Reset Instructions: HR Management Software,"Hi IT, Could you please provide the instructions to reset a forgotten password for our HR management software? One of our team members is unable to access their account and needs guidance on how to proceed. Thanks so much! -- Alex Johnson | HR Coordinator Acme Co. • New York, NY • he/him","Password Reset Instructions: HR Management Software. Hi IT, Could you please provide the instructions to reset a forgotten password for our HR management software? One of our team members is unable to access their account and needs guidance on how to proceed. Thanks so much! -- Alex Johnson | HR Coordinator Acme Co. • New York, NY • he/him",Account,Medium
Updating Personal Profile on Intranet,"Hi Team, Can you please provide instructions on how to update my personal profile information on the company intranet? Please let me know if you need any other information. Best, Jamie Lee | HR Coordinator • New York, NY • they/them","Updating Personal Profile on Intranet. Hi Team, Can you please provide instructions on how to update my personal profile information on the company intranet? Please let me know if you need any other information. Best, Jamie Lee | HR Coordinator • New York, NY • they/them",Software,Medium
Persistent Issues with Cloud Backup System,"Hello IT Team, I'm experiencing persistent issues with our enterprise cloud-based data backup system. Scheduled backups intermittently fail to complete, which requires a detailed investigation. I've had to manually adjust backup configurations several times. Could you please inspect the storage infrastructure and network connectivity to identify any underlying issues? Your assistance in resolving this matter would be greatly appreciated. Thank you!","Persistent Issues with Cloud Backup System. Hello IT Team, I'm experiencing persistent issues with our enterprise cloud-based data backup system. Scheduled backups intermittently fail to complete, which requires a detailed investigation. I've had to manually adjust backup configurations several times. Could you please inspect the storage infrastructure and network connectivity to identify any underlying issues? Your assistance in resolving this matter would be greatly appreciated. Thank you!",Other,High
Persistent Authentication Failures with MFA,I'm experiencing persistent authentication failures with our multi-factor authentication system. This issue requires a detailed investigation and manual synchronization of my user credentials across multiple platforms. Please assist at your earliest convenience.,Persistent Authentication Failures with MFA. I'm experiencing persistent authentication failures with our multi-factor authentication system. This issue requires a detailed investigation and manual synchronization of my user credentials across multiple platforms. Please assist at your earliest convenience.,Security,High
Asana access for j.doe@acme.co,"Hi IT, Please grant access to Asana for j.doe@acme.co. Thanks, Jane Smith Project Management Team","Asana access for j.doe@acme.co. Hi IT, Please grant access to Asana for j.doe@acme.co. Thanks, Jane Smith Project Management Team",Software,Medium
"Hey team, my VDI sessions keep freezing intermittently. Can someone help me investigate and adjust settings? :thinking:","Hey team, my VDI sessions keep freezing intermittently. Can someone help me investigate and adjust settings? :thinking:","Hey team, my VDI sessions keep freezing intermittently. Can someone help me investigate and adjust settings? :thinking:. Hey team, my VDI sessions keep freezing intermittently. Can someone help me investigate and adjust settings? :thinking:",Other,High
Request for Multi-Factor Authentication Setup Instructions,I need instructions on setting up multi-factor authentication for accessing the company's internal knowledge base. Please guide me through the process.,Request for Multi-Factor Authentication Setup Instructions. I need instructions on setting up multi-factor authentication for accessing the company's internal knowledge base. Please guide me through the process.,Security,Medium
Access Request for DBox Shared Workspace,I need access to the DBox Shared Workspace for the upcoming project collaboration. Please grant permissions to john.doe@acme.co.,Access Request for DBox Shared Workspace. I need access to the DBox Shared Workspace for the upcoming project collaboration. Please grant permissions to john.doe@acme.co.,Account,Medium
CRM Contact Sync Issues with Email Marketing Platform,"Hi! I've been experiencing persistent issues with our enterprise cloud-based CRM system where contact synchronization intermittently fails between the CRM and our email marketing platform. This requires a detailed investigation and manual adjustment of the synchronization settings. I suspect there might be an issue with the API integration points, hence why I'm reaching out. Could you please look into this? Thank you!","CRM Contact Sync Issues with Email Marketing Platform. Hi! I've been experiencing persistent issues with our enterprise cloud-based CRM system where contact synchronization intermittently fails between the CRM and our email marketing platform. This requires a detailed investigation and manual adjustment of the synchronization settings. I suspect there might be an issue with the API integration points, hence why I'm reaching out. Could you please look into this? Thank you!",Software,High
Phishing Email Reporting Instructions,"Hello! I need some help with identifying and reporting phishing emails using our company's email security tool. :) Could you please provide step-by-step instructions on how to spot phishing attempts and the process to report them through the tool? Additionally, if there are any training sessions or resources available, I'd love to know about them. Thank you so much!!","Phishing Email Reporting Instructions. Hello! I need some help with identifying and reporting phishing emails using our company's email security tool. :) Could you please provide step-by-step instructions on how to spot phishing attempts and the process to report them through the tool? Additionally, if there are any training sessions or resources available, I'd love to know about them. Thank you so much!!",Other,Medium
Re: Data Backup Verification Instructions,"Approved

On Thu, Nov 30, 2023 at 1:20 PM Alex Johnson <alex.johnson@acme.co> wrote:

Could I please get instructions on how to verify the success of a data backup using our company-approved software?

CCing my manager for approval.

--
Alex Johnson
IT Specialist | Acme Co
Visit My Page (http://acme.co/alex.johnson)","Re: Data Backup Verification Instructions. Approved

On Thu, Nov 30, 2023 at 1:20 PM Alex Johnson <alex.johnson@acme.co> wrote:

Could I please get instructions on how to verify the success of a data backup using our company-approved software?

CCing my manager for approval.

--
Alex Johnson
IT Specialist | Acme Co
Visit My Page (http://acme.co/alex.johnson)",Software,Medium
Cloud Document Collaboration Platform Issue,"Hello IT Team, I'm experiencing persistent issues with our enterprise cloud-based document collaboration platform. The version history intermittently fails to update, which is causing confusion and potential data loss. I've tried adjusting the version control settings manually, but the problem persists. Could you please investigate this issue in detail? It might require a closer inspection of the document synchronization processes. Your prompt assistance would be greatly appreciated. Thank you! Best, Alex Johnson","Cloud Document Collaboration Platform Issue. Hello IT Team, I'm experiencing persistent issues with our enterprise cloud-based document collaboration platform. The version history intermittently fails to update, which is causing confusion and potential data loss. I've tried adjusting the version control settings manually, but the problem persists. Could you please investigate this issue in detail? It might require a closer inspection of the document synchronization processes. Your prompt assistance would be greatly appreciated. Thank you! Best, Alex Johnson",Software,High
Instructions for Troubleshooting Multi-Monitor Display Issues,Guidance needed on resolving display problems when connecting multiple monitors to a workstation.,Instructions for Troubleshooting Multi-Monitor Display Issues. Guidance needed on resolving display problems when connecting multiple monitors to a workstation.,Hardware,Medium
Access Request for O365 SharePoint Site,"Hi there, Can someone assist me with gaining access to the O365 SharePoint site? My manager has approved the access, but I'm still unable to access the site through the portal. I've attached screenshots below: Thanks in advance! Best, Alex","Access Request for O365 SharePoint Site. Hi there, Can someone assist me with gaining access to the O365 SharePoint site? My manager has approved the access, but I'm still unable to access the site through the portal. I've attached screenshots below: Thanks in advance! Best, Alex",Account,Medium
Enterprise Video Conferencing Recording Issues,"Hi! I'm experiencing persistent issues with our enterprise cloud-based video conferencing platform. Meeting recordings intermittently fail to save, which requires a detailed investigation and manual adjustment of recording settings. There might also be a need to inspect server-side storage configurations. This is crucial for my role in the project management team, where I need to ensure all meeting records are properly archived for future reference. My manager (Jane Doe) is CC:ed for approval. Thanks in advance! Alex -- Alex Smith | Project Manager Acme Co (https://acme.co/) • New York, NY • he/him","Enterprise Video Conferencing Recording Issues. Hi! I'm experiencing persistent issues with our enterprise cloud-based video conferencing platform. Meeting recordings intermittently fail to save, which requires a detailed investigation and manual adjustment of recording settings. There might also be a need to inspect server-side storage configurations. This is crucial for my role in the project management team, where I need to ensure all meeting records are properly archived for future reference. My manager (Jane Doe) is CC:ed for approval. Thanks in advance! Alex -- Alex Smith | Project Manager Acme Co (https://acme.co/) • New York, NY • he/him",Software,High
Software Conflict Causing App Crashes,Hey team! :wave: We're experiencing some intermittent crashes on specific user machines. It seems like there might be a software conflict. Could you help us out with a detailed log analysis and some manual configuration adjustments? Thanks a ton! :pray:,Software Conflict Causing App Crashes. Hey team! :wave: We're experiencing some intermittent crashes on specific user machines. It seems like there might be a software conflict. Could you help us out with a detailed log analysis and some manual configuration adjustments? Thanks a ton! :pray:,Software,High
Remote Desktop Access Setup,Needed to configure access on personal smartphone.,Remote Desktop Access Setup. Needed to configure access on personal smartphone.,RemoteWork,Medium
Data Backup Verification and Restoration,Hello - I've noticed that some of my backup files seem incomplete. Could you assist in manually reviewing and correcting the backup configuration settings?,Data Backup Verification and Restoration. Hello - I've noticed that some of my backup files seem incomplete. Could you assist in manually reviewing and correcting the backup configuration settings?,Software,High
Cloud App Login Logs Issue,Experiencing issues with our enterprise cloud app. User access logs intermittently fail to capture login attempts. Need detailed investigation and manual adjustment of logging configurations. Please inspect server-side log processing workflows.,Cloud App Login Logs Issue. Experiencing issues with our enterprise cloud app. User access logs intermittently fail to capture login attempts. Need detailed investigation and manual adjustment of logging configurations. Please inspect server-side log processing workflows.,Software,High
Access Request for Adobe Acrobat Pro Tools,Please provide me with access to Adobe Acrobat Pro Tools,Access Request for Adobe Acrobat Pro Tools. Please provide me with access to Adobe Acrobat Pro Tools,Software,Medium
Access Request for O365 PowerPoint & OneNote Tools,Could you please grant access to O365 PowerPoint & OneNote for our team member? I've cc'd their supervisor for approval. They're stepping in for a project and need these tools to prepare and organize content effectively.,Access Request for O365 PowerPoint & OneNote Tools. Could you please grant access to O365 PowerPoint & OneNote for our team member? I've cc'd their supervisor for approval. They're stepping in for a project and need these tools to prepare and organize content effectively.,Software,Medium
Alert: User Profile Settings Intermittently Failing to Save - Alex Johnson (alex.j@acme.co),"Notification from Acme Cloud Services

Acme Cloud Services Image

This User Profile Settings alert is to inform you that a user is experiencing persistent issues with their profile settings intermittently failing to save.

The alert details include:

User: Alex Johnson (alex.j@acme.co)

By: System Admin (sysadmin@acme.co)

Date: Mon, Oct 16 2023 14:00 UTC

Alert Center is not enabled for this rule. Alert Center can provide additional details, investigation options, and remediation recommendations. To enable, turn on alerts in the rule detail page.

Go to Rule Details

You have received this important update about your Acme Cloud Services account because you are the designated admin recipient for this alert type. You can turn off these alerts or change the email recipients in the Rules section of the Admin Console.

Acme Co 1234 Elm Street Springfield, IL 62701

-- 
You received this message because you are subscribed to the Acme Groups ""IT Support"" group. To unsubscribe from this group and stop receiving emails from it, send an email to itsupport+unsubscribe@acme.co.","Alert: User Profile Settings Intermittently Failing to Save - Alex Johnson (alex.j@acme.co). Notification from Acme Cloud Services

Acme Cloud Services Image

This User Profile Settings alert is to inform you that a user is experiencing persistent issues with their profile settings intermittently failing to save.

The alert details include:

User: Alex Johnson (alex.j@acme.co)

By: System Admin (sysadmin@acme.co)

Date: Mon, Oct 16 2023 14:00 UTC

Alert Center is not enabled for this rule. Alert Center can provide additional details, investigation options, and remediation recommendations. To enable, turn on alerts in the rule detail page.

Go to Rule Details

You have received this important update about your Acme Cloud Services account because you are the designated admin recipient for this alert type. You can turn off these alerts or change the email recipients in the Rules section of the Admin Console.

Acme Co 1234 Elm Street Springfield, IL 62701

-- 
You received this message because you are subscribed to the Acme Groups ""IT Support"" group. To unsubscribe from this group and stop receiving emails from it, send an email to itsupport+unsubscribe@acme.co.",Software,High
Instructions for Creating a New Google Calendar for Department Event,Instructions needed for setting up a new Google Calendar for a department-wide event.,Instructions for Creating a New Google Calendar for Department Event. Instructions needed for setting up a new Google Calendar for a department-wide event.,Other,Medium
Alert: Access Issue - Shared Network Drive (john.doe@acme.co),"Notification from Acme Network Services


Acme Network Image


This Access Issue alert is to inform you that a user reported an inability to access specific subfolders on a shared network drive due to a suspected network path configuration error, despite correct permissions and mapping settings.

The alert details include:


User: John Doe (john.doe@acme.co)

Date: Wed, Oct 25 2023 10:30 UTC

Network Path: \\acme\shared\project\subfolder


Network Services is not enabled for this rule. Network Services can provide additional details, investigation options, and remediation recommendations. To enable, turn on alerts in the network settings page.


Go to Network Settings


You have received this important update about your network access because you are the designated admin recipient for this alert type. You can turn off these alerts or change the email recipients in the Network section of the Admin Console.

Acme Co 1234 Elm Street Springfield, IL 62701



-- 
You received this message because you are subscribed to the Acme Co ""Network Support"" group. To unsubscribe from this group and stop receiving emails from it, send an email to network+unsubscribe@acme.co.","Alert: Access Issue - Shared Network Drive (john.doe@acme.co). Notification from Acme Network Services


Acme Network Image


This Access Issue alert is to inform you that a user reported an inability to access specific subfolders on a shared network drive due to a suspected network path configuration error, despite correct permissions and mapping settings.

The alert details include:


User: John Doe (john.doe@acme.co)

Date: Wed, Oct 25 2023 10:30 UTC

Network Path: \\acme\shared\project\subfolder


Network Services is not enabled for this rule. Network Services can provide additional details, investigation options, and remediation recommendations. To enable, turn on alerts in the network settings page.


Go to Network Settings


You have received this important update about your network access because you are the designated admin recipient for this alert type. You can turn off these alerts or change the email recipients in the Network section of the Admin Console.

Acme Co 1234 Elm Street Springfield, IL 62701



-- 
You received this message because you are subscribed to the Acme Co ""Network Support"" group. To unsubscribe from this group and stop receiving emails from it, send an email to network+unsubscribe@acme.co.",Network,Medium
Email Synchronization Issues,"Hello,\n\nI'm experiencing persistent issues with our enterprise cloud-based email client. Specific email folders intermittently fail to synchronize across my devices. This requires a detailed investigation and manual adjustment of synchronization settings. Could you also inspect the server-side folder mapping configurations?\n\nThanks,","Email Synchronization Issues. Hello,\n\nI'm experiencing persistent issues with our enterprise cloud-based email client. Specific email folders intermittently fail to synchronize across my devices. This requires a detailed investigation and manual adjustment of synchronization settings. Could you also inspect the server-side folder mapping configurations?\n\nThanks,",Software,Medium
Email Forwarding Configuration Request,"Hi IT,

&lt;div data-elementType&#x3D;&quot;paragraph&quot;&gt;IT Team,&lt;/div&gt;&lt;div&gt;&lt;br /&gt;&lt;/div&gt;&lt;div data-elementType&#x3D;&quot;paragraph&quot;&gt;Could you please provide instructions on how to configure email settings to automatically forward suspected phishing emails to the IT security team?&lt;/div&gt;&lt;div&gt;&lt;br /&gt;&lt;/div&gt;&lt;div data-elementType&#x3D;&quot;paragraph&quot;&gt;Please mark this task as complete when done. Thank you!&lt;/div&gt;","Email Forwarding Configuration Request. Hi IT,

&lt;div data-elementType&#x3D;&quot;paragraph&quot;&gt;IT Team,&lt;/div&gt;&lt;div&gt;&lt;br /&gt;&lt;/div&gt;&lt;div data-elementType&#x3D;&quot;paragraph&quot;&gt;Could you please provide instructions on how to configure email settings to automatically forward suspected phishing emails to the IT security team?&lt;/div&gt;&lt;div&gt;&lt;br /&gt;&lt;/div&gt;&lt;div data-elementType&#x3D;&quot;paragraph&quot;&gt;Please mark this task as complete when done. Thank you!&lt;/div&gt;",Security,Medium
Access Request for SF Platform,"Hi, I need to request access to the SF Platform. Thanks, Alex Johnson","Access Request for SF Platform. Hi, I need to request access to the SF Platform. Thanks, Alex Johnson",Account,Medium
Antivirus Software Configuration,"Hi team! I'm reaching out for some guidance. (1) I've been trying to ensure my workstation is secure and need instructions on configuring the antivirus software settings properly. Could you provide a step-by-step guide? (2) Additionally, are there any specific settings you recommend enabling for optimal security? Thanks a lot! -- Jamie Lee | IT Coordinator | they/them","Antivirus Software Configuration. Hi team! I'm reaching out for some guidance. (1) I've been trying to ensure my workstation is secure and need instructions on configuring the antivirus software settings properly. Could you provide a step-by-step guide? (2) Additionally, are there any specific settings you recommend enabling for optimal security? Thanks a lot! -- Jamie Lee | IT Coordinator | they/them",Security,Medium
Access to Virtual Machine Instances,"Hello, I'm unable to access specific virtual machine instances in our cloud environment. It seems there might be some complex misconfigurations with the network security groups. Could you please investigate and manually adjust the firewall rules and access controls? I need this resolved to continue my work. Best regards, Jamie Doe","Access to Virtual Machine Instances. Hello, I'm unable to access specific virtual machine instances in our cloud environment. It seems there might be some complex misconfigurations with the network security groups. Could you please investigate and manually adjust the firewall rules and access controls? I need this resolved to continue my work. Best regards, Jamie Doe",Network,High
Access Request for SF CRM System,"Hello IT, Can you please grant me access to the SF CRM System? I need it for my upcoming project. Thanks!","Access Request for SF CRM System. Hello IT, Can you please grant me access to the SF CRM System? I need it for my upcoming project. Thanks!",Account,Medium
Request for Zoom Room Access,"Hey IT! I hope you're doing well. I'm trying to set up a meeting in one of our Zoom Rooms but realized I don't have the necessary access permissions. Could you assist me in getting access? Thanks a ton! Best, J -- Jordan Smith | Project Coordinator Acme Co. (https://acme.co/) • New York, NY CONFIDENTIALITY NOTICE: The contents of this email message and any attachments are intended solely for the addressee(s) and may contain confidential and/or privileged information and may be legally protected from disclosure. If you are not the intended recipient of this message or their agent, or if this message has been addressed to you in error, please immediately alert the sender by reply email and then delete this message and any attachments. If you are not the intended recipient, you are hereby notified that any use, dissemination, copying, or storage of this message or its attachments is strictly prohibited. DISCLAIMER: Email Does Not Constitute a Binding Agreement. This email does not constitute an agreement to conduct transactions by electronic means and does not create any legally binding contract or enforceable obligation in the absence of a fully signed written contract. Any contract terms contained in this email are subject to approval by Acme Co. and are not binding until Acme Co. provides such approval in writing.","Request for Zoom Room Access. Hey IT! I hope you're doing well. I'm trying to set up a meeting in one of our Zoom Rooms but realized I don't have the necessary access permissions. Could you assist me in getting access? Thanks a ton! Best, J -- Jordan Smith | Project Coordinator Acme Co. (https://acme.co/) • New York, NY CONFIDENTIALITY NOTICE: The contents of this email message and any attachments are intended solely for the addressee(s) and may contain confidential and/or privileged information and may be legally protected from disclosure. If you are not the intended recipient of this message or their agent, or if this message has been addressed to you in error, please immediately alert the sender by reply email and then delete this message and any attachments. If you are not the intended recipient, you are hereby notified that any use, dissemination, copying, or storage of this message or its attachments is strictly prohibited. DISCLAIMER: Email Does Not Constitute a Binding Agreement. This email does not constitute an agreement to conduct transactions by electronic means and does not create any legally binding contract or enforceable obligation in the absence of a fully signed written contract. Any contract terms contained in this email are subject to approval by Acme Co. and are not binding until Acme Co. provides such approval in writing.",Communication,Medium
Intranet Search Functionality Issue,"Hey IT Team, I'm having trouble with the intranet search functionality. Despite using the correct search parameters and ensuring my network configuration is set up properly, I'm unable to retrieve relevant results. Could you assist with troubleshooting this issue? Thanks!","Intranet Search Functionality Issue. Hey IT Team, I'm having trouble with the intranet search functionality. Despite using the correct search parameters and ensuring my network configuration is set up properly, I'm unable to retrieve relevant results. Could you assist with troubleshooting this issue? Thanks!",Software,Medium
Jane (jane.doe@acme.co) is requesting access to Adobe CC Suite,"Jane (jane.doe@acme.co) is requesting access to Adobe CC Suite

Jane (jane.doe@acme.co mailto:jane.doe@acme.co), a graphic designer on the Acme team, is requesting access to Adobe CC Suite to enhance her design capabilities and collaborate on creative projects. ‌ ‌ ‌ ‌ ‌ ‌ ‌ ‌ ‌ ‌ ‌ ‌ ‌ ‌ ‌ ‌ ‌ ‌ ‌ ‌ ‌ ‌ ‌ ‌ ‌ ‌ ‌ ‌ ‌ ‌ ‌ ‌ ‌ ‌ ‌ ‌ ‌ ‌ ‌ ‌ ‌ ‌ ‌ ‌ ‌ ‌ ‌ ‌ ‌ ‌ ‌ ‌ ‌ ‌ ‌ ‌ ‌ ‌ ‌ ‌ ‌ ‌ ‌ ‌ ‌ ‌ ‌ ‌ ‌ ‌ ‌ ‌ ‌ ‌ ‌ ‌ ‌ ‌ ‌ ‌ ‌ ‌ ‌ ‌ ‌ ‌ ‌ ‌ ‌ ‌ ‌ ‌ ‌ ‌ ‌ ‌ ‌ ‌ ‌ ‌ ‌ ‌ ‌ ‌ ‌ ‌ ‌ ‌ ‌ ‌ ‌ ‌ ‌ ‌ ‌ ‌ ‌ ‌ ‌ ‌ ‌ ‌ ‌ ‌ ‌ ‌ ‌ ‌ ‌ ‌ ‌ ‌ ‌ ‌ ‌ ‌ ‌ ‌ ‌ ‌ ‌ ‌ ‌ ‌ 

https://adobe.acme.co/access-request

Jane (jane.doe@acme.co mailto:jane.doe@acme.co), a graphic designer on the Acme team, is requesting access to Adobe CC Suite to enhance her design capabilities and collaborate on creative projects.

Grant Access https://adobe.acme.co/grant-access

Acme Corporation

123 Innovation Drive, Suite 100, Metropolis, NY 12345 USA https://adobe.acme.co/contact","Jane (jane.doe@acme.co) is requesting access to Adobe CC Suite. Jane (jane.doe@acme.co) is requesting access to Adobe CC Suite

Jane (jane.doe@acme.co mailto:jane.doe@acme.co), a graphic designer on the Acme team, is requesting access to Adobe CC Suite to enhance her design capabilities and collaborate on creative projects. ‌ ‌ ‌ ‌ ‌ ‌ ‌ ‌ ‌ ‌ ‌ ‌ ‌ ‌ ‌ ‌ ‌ ‌ ‌ ‌ ‌ ‌ ‌ ‌ ‌ ‌ ‌ ‌ ‌ ‌ ‌ ‌ ‌ ‌ ‌ ‌ ‌ ‌ ‌ ‌ ‌ ‌ ‌ ‌ ‌ ‌ ‌ ‌ ‌ ‌ ‌ ‌ ‌ ‌ ‌ ‌ ‌ ‌ ‌ ‌ ‌ ‌ ‌ ‌ ‌ ‌ ‌ ‌ ‌ ‌ ‌ ‌ ‌ ‌ ‌ ‌ ‌ ‌ ‌ ‌ ‌ ‌ ‌ ‌ ‌ ‌ ‌ ‌ ‌ ‌ ‌ ‌ ‌ ‌ ‌ ‌ ‌ ‌ ‌ ‌ ‌ ‌ ‌ ‌ ‌ ‌ ‌ ‌ ‌ ‌ ‌ ‌ ‌ ‌ ‌ ‌ ‌ ‌ ‌ ‌ ‌ ‌ ‌ ‌ ‌ ‌ ‌ ‌ ‌ ‌ ‌ ‌ ‌ ‌ ‌ ‌ ‌ ‌ ‌ ‌ ‌ ‌ ‌ ‌ 

https://adobe.acme.co/access-request

Jane (jane.doe@acme.co mailto:jane.doe@acme.co), a graphic designer on the Acme team, is requesting access to Adobe CC Suite to enhance her design capabilities and collaborate on creative projects.

Grant Access https://adobe.acme.co/grant-access

Acme Corporation

123 Innovation Drive, Suite 100, Metropolis, NY 12345 USA https://adobe.acme.co/contact",Software,Medium
Instructions for Configuring Company Email on New Mobile Device,Hello! I need instructions on how to configure my company email on a new mobile device. Please provide the necessary steps or any required settings.,Instructions for Configuring Company Email on New Mobile Device. Hello! I need instructions on how to configure my company email on a new mobile device. Please provide the necessary steps or any required settings.,Communication,Medium
Multi-Factor Authentication Setup,Could you please provide instructions on setting up multi-factor authentication for my company email account?,Multi-Factor Authentication Setup. Could you please provide instructions on setting up multi-factor authentication for my company email account?,Account,Medium
Access Request for Asana Team Collaboration Space,"Hi there, I need access to the Asana Team Collaboration Space for a new project I'm working on. I've tried reaching out to the project manager, but they suggested I contact IT for access permissions. I believe I need to be added to the 'Marketing Team' group within Asana. Could you please assist with this? If there's any additional information you need from me, let me know. Here's the link to the Asana space I'm referring to: https://acme.co/asana-marketing-team. Thanks so much!","Access Request for Asana Team Collaboration Space. Hi there, I need access to the Asana Team Collaboration Space for a new project I'm working on. I've tried reaching out to the project manager, but they suggested I contact IT for access permissions. I believe I need to be added to the 'Marketing Team' group within Asana. Could you please assist with this? If there's any additional information you need from me, let me know. Here's the link to the Asana space I'm referring to: https://acme.co/asana-marketing-team. Thanks so much!",Software,Medium
Project: Troubleshooting Office Printer for Double-Sided Printing,Creating this project request to address the issue of users being unable to print double-sided documents despite having the correct printer settings and driver installation. This will ensure seamless printing operations within the office.,Project: Troubleshooting Office Printer for Double-Sided Printing. Creating this project request to address the issue of users being unable to print double-sided documents despite having the correct printer settings and driver installation. This will ensure seamless printing operations within the office.,Hardware,Medium
Software License Activation Failures,"Hi there, I'm experiencing persistent software license activation failures on multiple devices. Could you please investigate this issue in detail? It seems like there might be some communication problems with the licensing server. I would appreciate your help in resolving this manually to ensure compliance with our licensing terms. Thanks!","Software License Activation Failures. Hi there, I'm experiencing persistent software license activation failures on multiple devices. Could you please investigate this issue in detail? It seems like there might be some communication problems with the licensing server. I would appreciate your help in resolving this manually to ensure compliance with our licensing terms. Thanks!",Other,High
Request for Access to Team Channels on Company Chat,"Attention Acme IT, A request has been submitted to grant access to specific team channels on the company chat platform. Please review the details below and ensure the necessary permissions are updated to facilitate seamless communication within the team. Transaction: ""Access Request: Team Channels"" Request ID: 9bcd7efg123h456i789j012k345l6789 Effective Date: 2024-02-10 Date and Time Submitted: 2024-02-10T10:30:00.000-05:00 EST (Acme Server Time Zone) Requester: John Doe Requester Type: Employee Email: john.doe@acme.co Requested Channels: Marketing, Development, Sales --------------------------------------------------------------- This email was generated from Acme ""acme - PROD"" on behalf of Acme HR. Please DO NOT REPLY to this email.","Request for Access to Team Channels on Company Chat. Attention Acme IT, A request has been submitted to grant access to specific team channels on the company chat platform. Please review the details below and ensure the necessary permissions are updated to facilitate seamless communication within the team. Transaction: ""Access Request: Team Channels"" Request ID: 9bcd7efg123h456i789j012k345l6789 Effective Date: 2024-02-10 Date and Time Submitted: 2024-02-10T10:30:00.000-05:00 EST (Acme Server Time Zone) Requester: John Doe Requester Type: Employee Email: john.doe@acme.co Requested Channels: Marketing, Development, Sales --------------------------------------------------------------- This email was generated from Acme ""acme - PROD"" on behalf of Acme HR. Please DO NOT REPLY to this email.",Communication,Medium
Email Archiving Indexing Issue,"Hi Team, I'm experiencing persistent issues with our enterprise cloud-based email archiving system. Archived emails intermittently fail to index correctly, requiring detailed investigation and manual adjustment of indexing settings. Could you please look into this and inspect the storage infrastructure? Thanks, Alex","Email Archiving Indexing Issue. Hi Team, I'm experiencing persistent issues with our enterprise cloud-based email archiving system. Archived emails intermittently fail to index correctly, requiring detailed investigation and manual adjustment of indexing settings. Could you please look into this and inspect the storage infrastructure? Thanks, Alex",Software,High
Alert: ERP System Financial Report Discrepancies - John Doe (john.doe@acme.co),"Notification from Acme ERP System

ERP System Image

This Financial Report Discrepancy alert is to inform you that the financial reports generated by the ERP system contain incorrect data, requiring immediate attention.

The alert details include:

User: John Doe (john.doe@acme.co)

By: ERP System (erp-support@acme.co)

Date: Mon, Oct 30 2023 10:00 UTC

Alert Center is not enabled for this rule. Alert Center can provide additional details, investigation options, and remediation recommendations. To enable, turn on alerts in the rule detail page.

Go to Rule Details

You have received this important update about your ERP system because you are the designated admin recipient for this alert type. You can turn off these alerts or change the email recipients in the Rules section of the Admin Console.

Acme Co 1234 Elm Street Anytown, USA

-- 
You received this message because you are subscribed to the Acme Co Groups ""ERP Support"" group. To unsubscribe from this group and stop receiving emails from it, send an email to erpsupport+unsubscribe@acme.co.","Alert: ERP System Financial Report Discrepancies - John Doe (john.doe@acme.co). Notification from Acme ERP System

ERP System Image

This Financial Report Discrepancy alert is to inform you that the financial reports generated by the ERP system contain incorrect data, requiring immediate attention.

The alert details include:

User: John Doe (john.doe@acme.co)

By: ERP System (erp-support@acme.co)

Date: Mon, Oct 30 2023 10:00 UTC

Alert Center is not enabled for this rule. Alert Center can provide additional details, investigation options, and remediation recommendations. To enable, turn on alerts in the rule detail page.

Go to Rule Details

You have received this important update about your ERP system because you are the designated admin recipient for this alert type. You can turn off these alerts or change the email recipients in the Rules section of the Admin Console.

Acme Co 1234 Elm Street Anytown, USA

-- 
You received this message because you are subscribed to the Acme Co Groups ""ERP Support"" group. To unsubscribe from this group and stop receiving emails from it, send an email to erpsupport+unsubscribe@acme.co.",Software,High
Access Request for Trello Task Management Tool,"Hi IT, Can you please grant me access to Trello? I need to organize our project tasks and collaborate with the team effectively. Thanks, Alex","Access Request for Trello Task Management Tool. Hi IT, Can you please grant me access to Trello? I need to organize our project tasks and collaborate with the team effectively. Thanks, Alex",Software,Medium
Printer Producing Faded Prints Despite Correct Toner Levels,Our office printer is producing faded prints even though the toner levels are correct and the calibration settings have been checked. Can someone from IT assist with troubleshooting this issue?,Printer Producing Faded Prints Despite Correct Toner Levels. Our office printer is producing faded prints even though the toner levels are correct and the calibration settings have been checked. Can someone from IT assist with troubleshooting this issue?,Hardware,Medium
Issues with Cloud Data Migration Tool,"Hello, I'm experiencing persistent issues with our enterprise cloud-based data migration tool. Specific data sets intermittently fail to transfer between our legacy and new systems. This requires a detailed investigation and manual adjustment of the migration settings. Could you please inspect the data mapping and transformation logic to resolve this?","Issues with Cloud Data Migration Tool. Hello, I'm experiencing persistent issues with our enterprise cloud-based data migration tool. Specific data sets intermittently fail to transfer between our legacy and new systems. This requires a detailed investigation and manual adjustment of the migration settings. Could you please inspect the data mapping and transformation logic to resolve this?",Software,High
Accessing Shared Network Drive,"Hi IT Team, I'm having trouble accessing the shared network drive from my personal desktop computer. Could you please provide me with the instructions to set it up? Thanks!","Accessing Shared Network Drive. Hi IT Team, I'm having trouble accessing the shared network drive from my personal desktop computer. Could you please provide me with the instructions to set it up? Thanks!",Network,Medium
Access Request for JIRA Project Management Tool,"Hi,

I hope this message finds you well. I'm reaching out to request access to the JIRA Project Management Tool for our upcoming project. We need an admin to grant access to the JIRA tool (https://acme.co/jira-access) for our team. I've added @Jane Doe, @IT Support, @John Smith, and @Emily Davis as collaborators on this project to ensure the necessary permissions are in place.

Thanks for your assistance!

--

Alex Johnson | Project Coordinator | Let's connect! (https://acme.co/connect/alex)
Acme Co | acme.co | Join our team! (https://acme.co/careers)","Access Request for JIRA Project Management Tool. Hi,

I hope this message finds you well. I'm reaching out to request access to the JIRA Project Management Tool for our upcoming project. We need an admin to grant access to the JIRA tool (https://acme.co/jira-access) for our team. I've added @Jane Doe, @IT Support, @John Smith, and @Emily Davis as collaborators on this project to ensure the necessary permissions are in place.

Thanks for your assistance!

--

Alex Johnson | Project Coordinator | Let's connect! (https://acme.co/connect/alex)
Acme Co | acme.co | Join our team! (https://acme.co/careers)",Software,Medium
Access to GH Private Repos,Can I please have access to the GH private repositories? Looks like I do not currently have it. Screenshot attached.,Access to GH Private Repos. Can I please have access to the GH private repositories? Looks like I do not currently have it. Screenshot attached.,Account,Medium
Workstation Security Alert: Full Disk Encryption Issue,"Assistance required for investigating and resolving workstation security alert. User reports inability to enable full disk encryption despite following ""Securing Your Workstation"" guidelines. Please refer to the following ticket for more details: https://acme.co/support/tickets/12345","Workstation Security Alert: Full Disk Encryption Issue. Assistance required for investigating and resolving workstation security alert. User reports inability to enable full disk encryption despite following ""Securing Your Workstation"" guidelines. Please refer to the following ticket for more details: https://acme.co/support/tickets/12345",Security,High
Virtual Backgrounds Not Loading in Video Conferencing Software,I'm having persistent issues with my video conferencing software where the virtual backgrounds fail to load correctly. It seems to require a detailed investigation and manual adjustment of the software settings. Could you also check if there are any updates needed for my graphics drivers?,Virtual Backgrounds Not Loading in Video Conferencing Software. I'm having persistent issues with my video conferencing software where the virtual backgrounds fail to load correctly. It seems to require a detailed investigation and manual adjustment of the software settings. Could you also check if there are any updates needed for my graphics drivers?,Software,Medium
Re: Persistent Issues with Enterprise VoIP System: Call Quality Degradation,"This is a follow-up to your previous request #11947 ""Re: Persistent Issues with Enterprise VoIP System: C..."" any response on this please??","Re: Persistent Issues with Enterprise VoIP System: Call Quality Degradation. This is a follow-up to your previous request #11947 ""Re: Persistent Issues with Enterprise VoIP System: C..."" any response on this please??",Network,High
Configuring Email Notifications on Mobile,"Hello IT, I need assistance with setting up email notifications on my mobile device. I've tried following the instructions on the Acme portal, but I'm still not receiving any alerts. Could you provide a step-by-step guide or let me know if there's a specific setting I might be missing? I attempted to find a solution through the helpdesk, but the page was showing a 500 error. Please advise.","Configuring Email Notifications on Mobile. Hello IT, I need assistance with setting up email notifications on my mobile device. I've tried following the instructions on the Acme portal, but I'm still not receiving any alerts. Could you provide a step-by-step guide or let me know if there's a specific setting I might be missing? I attempted to find a solution through the helpdesk, but the page was showing a 500 error. Please advise.",Communication,Medium
Securing Workstation: Enable Automatic Software Updates,"Please provide detailed instructions on how to enable automatic software updates on my workstation to enhance security. Once completed, ensure that the steps are documented and placed in the IT Shared Drive -> Security folder -> '202x - Qx' folder (X being the current year and x being the current quarter).","Securing Workstation: Enable Automatic Software Updates. Please provide detailed instructions on how to enable automatic software updates on my workstation to enhance security. Once completed, ensure that the steps are documented and placed in the IT Shared Drive -> Security folder -> '202x - Qx' folder (X being the current year and x being the current quarter).",Software,Medium
Access Request for Illustrator & Photoshop Tools,Please grant me access to Illustrator & Photoshop tools as they are essential for my design tasks.,Access Request for Illustrator & Photoshop Tools. Please grant me access to Illustrator & Photoshop tools as they are essential for my design tasks.,Software,Medium
Email Sync Issues on Mobile Device,"Hey IT Team, Can you help me with some email sync issues on my mobile device? I'm experiencing inconsistent email delivery and missing attachments, even though the configuration settings seem correct. Thanks, Alex","Email Sync Issues on Mobile Device. Hey IT Team, Can you help me with some email sync issues on my mobile device? I'm experiencing inconsistent email delivery and missing attachments, even though the configuration settings seem correct. Thanks, Alex",Software,Medium
Access Request for JIRA Backlog Management Tool,"Hi IT Team, Please grant me access to the JIRA Backlog Management Tool to manage and prioritize tasks effectively. Thanks. Cheers, Jamie","Access Request for JIRA Backlog Management Tool. Hi IT Team, Please grant me access to the JIRA Backlog Management Tool to manage and prioritize tasks effectively. Thanks. Cheers, Jamie",Software,Medium
Hi there... me again :wave: Could someone help me with this? I'm locked out of my account after too many failed password attempts.,Hi there... me again :wave: Could someone help me with this? I'm locked out of my account after too many failed password attempts and can't reset it on my own. I need someone to manually intervene and unlock it for me. Thanks!,Hi there... me again :wave: Could someone help me with this? I'm locked out of my account after too many failed password attempts.. Hi there... me again :wave: Could someone help me with this? I'm locked out of my account after too many failed password attempts and can't reset it on my own. I need someone to manually intervene and unlock it for me. Thanks!,Account,High
Request: Instructions for Multi-Factor Authentication Setup,"Hello, Please may I have the instructions for setting up multi-factor authentication for accessing the company's project management software? I want to ensure my account is secure. Approver: Sarah Thanks! Kind regards, Alex Johnson","Request: Instructions for Multi-Factor Authentication Setup. Hello, Please may I have the instructions for setting up multi-factor authentication for accessing the company's project management software? I want to ensure my account is secure. Approver: Sarah Thanks! Kind regards, Alex Johnson",Security,Medium
Instructions for Smartphone Data Backup,Hi team! I need to back up data from my company-issued smartphone using the approved software. Could you provide me with the instructions to do this? Please let me know if you need any more information from my side. Thank you!,Instructions for Smartphone Data Backup. Hi team! I need to back up data from my company-issued smartphone using the approved software. Could you provide me with the instructions to do this? Please let me know if you need any more information from my side. Thank you!,Software,Medium
Access Request for DBox Team Folder,"Hey IT team, We need access to the DBox Team Folder for our project collaboration. Please follow the instructions in the link below to grant access. Our team is ready to test the access permissions to ensure everything is set up correctly. https://acme.co/support/dbox-access-guide","Access Request for DBox Team Folder. Hey IT team, We need access to the DBox Team Folder for our project collaboration. Please follow the instructions in the link below to grant access. Our team is ready to test the access permissions to ensure everything is set up correctly. https://acme.co/support/dbox-access-guide",Account,Medium
Intermittent Failures in Cloud ML Platform,"Hi Team,

Hope you're doing well! I'm reaching out to document and troubleshoot some persistent issues I've been experiencing with our enterprise cloud-based machine learning platform. Specifically, my model training jobs are intermittently failing to complete, which requires a detailed investigation and manual adjustment of resource allocation settings. Could you please confirm the following information:

1. Are there any known issues with the current resource allocation settings on the platform? If so, could you provide guidance on how to adjust them effectively?
2. Is there a recommended workflow for inspecting data preprocessing steps that might be causing these failures?
3. Are there any logs or diagnostic tools available that could help identify the root cause of these intermittent failures?

Please let me know if you need any additional information from my end. Looking forward to your guidance on resolving this issue.

Best regards,

Alex from Acme Co.","Intermittent Failures in Cloud ML Platform. Hi Team,

Hope you're doing well! I'm reaching out to document and troubleshoot some persistent issues I've been experiencing with our enterprise cloud-based machine learning platform. Specifically, my model training jobs are intermittently failing to complete, which requires a detailed investigation and manual adjustment of resource allocation settings. Could you please confirm the following information:

1. Are there any known issues with the current resource allocation settings on the platform? If so, could you provide guidance on how to adjust them effectively?
2. Is there a recommended workflow for inspecting data preprocessing steps that might be causing these failures?
3. Are there any logs or diagnostic tools available that could help identify the root cause of these intermittent failures?

Please let me know if you need any additional information from my end. Looking forward to your guidance on resolving this issue.

Best regards,

Alex from Acme Co.",Software,High
Optimizing Display Settings for Multiple Monitors,"Hello,

I recently set up multiple monitors on my workstation and would like to optimize the display settings for better productivity. Could you please provide instructions or guidance on how to adjust the settings effectively?

I have a busy schedule this week and would appreciate any help you can offer at your earliest convenience.

Thank you for your assistance,
John","Optimizing Display Settings for Multiple Monitors. Hello,

I recently set up multiple monitors on my workstation and would like to optimize the display settings for better productivity. Could you please provide instructions or guidance on how to adjust the settings effectively?

I have a busy schedule this week and would appreciate any help you can offer at your earliest convenience.

Thank you for your assistance,
John",Software,Medium
Re: Need Instructions for Remote Desktop Setup on New Desktop,"Hello,

I missed the initial setup instructions for remote desktop access on my new company-issued desktop. Could you please provide the necessary steps or documentation to get it configured?

Thanks,

Alex Johnson | IT Coordinator

Acme Co. (https://acme.co/)   •  Help Center (https://help.acme.co/)   •  he/him/his","Re: Need Instructions for Remote Desktop Setup on New Desktop. Hello,

I missed the initial setup instructions for remote desktop access on my new company-issued desktop. Could you please provide the necessary steps or documentation to get it configured?

Thanks,

Alex Johnson | IT Coordinator

Acme Co. (https://acme.co/)   •  Help Center (https://help.acme.co/)   •  he/him/his",RemoteWork,Medium
Translation System Language Pair Issue,Hi there! We're experiencing persistent issues with our enterprise cloud-based document translation system. Specific language pairs intermittently fail to translate accurately. Could you please investigate and adjust the translation engine settings? A detailed inspection of the language model configurations might be necessary. Thank you!,Translation System Language Pair Issue. Hi there! We're experiencing persistent issues with our enterprise cloud-based document translation system. Specific language pairs intermittently fail to translate accurately. Could you please investigate and adjust the translation engine settings? A detailed inspection of the language model configurations might be necessary. Thank you!,Software,High
Smartphone - Slow Internet Troubleshooting,Hi IT Team! Hope you're having a great day. Could you provide me with some instructions on how to troubleshoot a slow internet connection on my company-issued smartphone? Thanks a bunch!,Smartphone - Slow Internet Troubleshooting. Hi IT Team! Hope you're having a great day. Could you provide me with some instructions on how to troubleshoot a slow internet connection on my company-issued smartphone? Thanks a bunch!,Network,Medium
Access Request for DBox Admin Console,I need access to the DBox Admin Console to manage user permissions and settings. Please grant the necessary access rights.,Access Request for DBox Admin Console. I need access to the DBox Admin Console to manage user permissions and settings. Please grant the necessary access rights.,Account,Medium
Alert: Persistent Slow Internet Connection on Workstation - user@acme.co,"Notification from Network Monitoring System

Network Performance Image

This Persistent Slow Internet Connection alert is to inform you that a specific workstation is experiencing slow internet speeds despite network-wide stability and correct configuration settings.

The alert details include:

Workstation: user@acme.co

By: Network Monitoring System (network-monitor@acme.co)

Date: Mon, Oct 16 2023 10:15 UTC

Network Diagnostics is not enabled for this rule. Network Diagnostics can provide additional details, investigation options, and remediation recommendations. To enable, turn on diagnostics in the rule detail page.

Go to Rule Details

You have received this important update about your network performance because you are the designated admin recipient for this alert type. You can turn off these alerts or change the email recipients in the Rules section of the Admin Console.

Acme Co. 123 Innovation Drive Tech City, TC 12345

-- 
You received this message because you are subscribed to the Acme Co. ""Network Performance"" group. To unsubscribe from this group and stop receiving emails from it, send an email to network+unsubscribe@acme.co.","Alert: Persistent Slow Internet Connection on Workstation - user@acme.co. Notification from Network Monitoring System

Network Performance Image

This Persistent Slow Internet Connection alert is to inform you that a specific workstation is experiencing slow internet speeds despite network-wide stability and correct configuration settings.

The alert details include:

Workstation: user@acme.co

By: Network Monitoring System (network-monitor@acme.co)

Date: Mon, Oct 16 2023 10:15 UTC

Network Diagnostics is not enabled for this rule. Network Diagnostics can provide additional details, investigation options, and remediation recommendations. To enable, turn on diagnostics in the rule detail page.

Go to Rule Details

You have received this important update about your network performance because you are the designated admin recipient for this alert type. You can turn off these alerts or change the email recipients in the Rules section of the Admin Console.

Acme Co. 123 Innovation Drive Tech City, TC 12345

-- 
You received this message because you are subscribed to the Acme Co. ""Network Performance"" group. To unsubscribe from this group and stop receiving emails from it, send an email to network+unsubscribe@acme.co.",Network,Medium
Assistance Required for Configuring Multi-Factor Authentication,"Owner: John Doe
Issue: User Unable to Complete Setup Due to Incompatibility with Existing Security Software on Workstation","Assistance Required for Configuring Multi-Factor Authentication. Owner: John Doe
Issue: User Unable to Complete Setup Due to Incompatibility with Existing Security Software on Workstation",Security,High
Request for instructions on scheduling automated data backups,"Hi team, Can you please provide me with the steps to schedule automated data backups using the company-approved software? Thank you!","Request for instructions on scheduling automated data backups. Hi team, Can you please provide me with the steps to schedule automated data backups using the company-approved software? Thank you!",Software,Medium
Re: Persistent Issues with Data Visualizations on Cloud Analytics Platform,"Hi IT Team, 

Hope you're all doing great! I wanted to follow up on the issue I mentioned earlier this week regarding our enterprise cloud-based data analytics platform. We're experiencing persistent problems where specific data visualizations intermittently fail to render correctly. This requires us to manually adjust the visualization settings and sometimes inspect the data source configurations. Is there anything specific you need from our team to help resolve this? Could someone confirm receipt of this message? 

Thanks, 
Alex 

On Mon, Feb 5, 2024 at 10:00 AM On Behalf Of Acme Analytics <noreply@acme.co> wrote:

Persistent Issues with Data Visualizations on Cloud Analytics Platform

We have identified ongoing issues with certain data visualizations not rendering as expected on our cloud-based analytics platform. This may require manual adjustments to visualization settings and a review of data source configurations. 

Action Required

Please review your visualization settings and data source configurations to ensure they are correctly set up. If issues persist, further investigation may be needed.

Support

For additional support, please submit a support request via the following link: Acme Analytics Support Page (https://support.acme.co)

The Acme Analytics Team

This email was sent from Acme Analytics

Powered by Acme (https://www.acme.co)","Re: Persistent Issues with Data Visualizations on Cloud Analytics Platform. Hi IT Team, 

Hope you're all doing great! I wanted to follow up on the issue I mentioned earlier this week regarding our enterprise cloud-based data analytics platform. We're experiencing persistent problems where specific data visualizations intermittently fail to render correctly. This requires us to manually adjust the visualization settings and sometimes inspect the data source configurations. Is there anything specific you need from our team to help resolve this? Could someone confirm receipt of this message? 

Thanks, 
Alex 

On Mon, Feb 5, 2024 at 10:00 AM On Behalf Of Acme Analytics <noreply@acme.co> wrote:

Persistent Issues with Data Visualizations on Cloud Analytics Platform

We have identified ongoing issues with certain data visualizations not rendering as expected on our cloud-based analytics platform. This may require manual adjustments to visualization settings and a review of data source configurations. 

Action Required

Please review your visualization settings and data source configurations to ensure they are correctly set up. If issues persist, further investigation may be needed.

Support

For additional support, please submit a support request via the following link: Acme Analytics Support Page (https://support.acme.co)

The Acme Analytics Team

This email was sent from Acme Analytics

Powered by Acme (https://www.acme.co)",Software,High
Workstation Security Alert: Software Conflict,"Hi IT, I'm experiencing an issue with applying security configuration changes on my workstation. Despite following the ""Securing Your Workstation"" guidelines, I suspect there's a software conflict preventing the changes. Could you assist in investigating and resolving this? Thanks in advance, Alex Johnson","Workstation Security Alert: Software Conflict. Hi IT, I'm experiencing an issue with applying security configuration changes on my workstation. Despite following the ""Securing Your Workstation"" guidelines, I suspect there's a software conflict preventing the changes. Could you assist in investigating and resolving this? Thanks in advance, Alex Johnson",Security,High
Document Metadata Sync Issue,"Hi, I'm experiencing persistent issues with our enterprise cloud-based document management system. The document metadata intermittently fails to synchronize across multiple repositories. This requires a detailed investigation and manual adjustment of synchronization settings, as well as a potential inspection of metadata mapping configurations. Could you please look into this? Thanks, Alex Johnson","Document Metadata Sync Issue. Hi, I'm experiencing persistent issues with our enterprise cloud-based document management system. The document metadata intermittently fails to synchronize across multiple repositories. This requires a detailed investigation and manual adjustment of synchronization settings, as well as a potential inspection of metadata mapping configurations. Could you please look into this? Thanks, Alex Johnson",Software,High
Fwd: Calendar Sync Issues on Collaboration Platform,"Hello IT,

Could you please investigate the persistent calendar sync issues on our enterprise collaboration platform? Shared calendar events are intermittently failing to sync across team members, which requires manual adjustment of calendar synchronization settings. A detailed inspection of user account configurations might be necessary.

Thanks
Alex

Alex Johnson | Project Management

Acme Co (https://acme.co/)   • Book time with me (https://acme.co/alex-johnson)","Fwd: Calendar Sync Issues on Collaboration Platform. Hello IT,

Could you please investigate the persistent calendar sync issues on our enterprise collaboration platform? Shared calendar events are intermittently failing to sync across team members, which requires manual adjustment of calendar synchronization settings. A detailed inspection of user account configurations might be necessary.

Thanks
Alex

Alex Johnson | Project Management

Acme Co (https://acme.co/)   • Book time with me (https://acme.co/alex-johnson)",Software,High
Fwd: Request for Google Calendar setup,"Hi IT Team, I'm trying to set up a new Google Calendar for our recurring team meeting series, but I'm not sure how to go about it. Could you provide some instructions or guidance on this? Thanks!","Fwd: Request for Google Calendar setup. Hi IT Team, I'm trying to set up a new Google Calendar for our recurring team meeting series, but I'm not sure how to go about it. Could you provide some instructions or guidance on this? Thanks!",Software,Medium
"Hello, can you help me connect a third monitor?","Hello, can you help me connect a third monitor to my dual-monitor setup?","Hello, can you help me connect a third monitor?. Hello, can you help me connect a third monitor to my dual-monitor setup?",Hardware,Medium
Troubleshooting Access to Shared Network Drive,"Hi team, I'm having trouble accessing specific files on our shared network drive. Despite having the correct mapping and permissions, I can't view or edit certain files. My colleague (Jane Doe) is experiencing the same issue. We'd really appreciate any help you can provide! Thanks, -- Alex Smith | IT Specialist Acme Co. • New York, NY • he/him","Troubleshooting Access to Shared Network Drive. Hi team, I'm having trouble accessing specific files on our shared network drive. Despite having the correct mapping and permissions, I can't view or edit certain files. My colleague (Jane Doe) is experiencing the same issue. We'd really appreciate any help you can provide! Thanks, -- Alex Smith | IT Specialist Acme Co. • New York, NY • he/him",Network,High
Intermittent File Locking Issue in Document Management System,"Hey IT team, I'm experiencing persistent issues with our enterprise cloud-based document management system. The document check-in/check-out functionality intermittently fails to lock files, which is causing some confusion and potential data integrity issues. Could you please investigate this and possibly adjust the file locking settings? It might also be worth inspecting the user access logs to see if there's anything unusual. Thanks, Alex","Intermittent File Locking Issue in Document Management System. Hey IT team, I'm experiencing persistent issues with our enterprise cloud-based document management system. The document check-in/check-out functionality intermittently fails to lock files, which is causing some confusion and potential data integrity issues. Could you please investigate this and possibly adjust the file locking settings? It might also be worth inspecting the user access logs to see if there's anything unusual. Thanks, Alex",Software,High
Request for Access to Marketing Shared Drive,"Attention Acme IT,The marketing team requires access to a shared network drive to enhance collaboration and streamline our workflow. Please review the request details below and grant the necessary permissions to ensure seamless access for all team members.Request: ""Access to Marketing Shared Drive""Requested By: Marketing TeamEffective Date: 2024-10-01Date and Time Submitted: 2024-09-25T11:30:00.000-07:00 PST (Acme Server Time Zone)Team: MarketingEmail: marketing.team@acme.co---------------------------------------------------------------This email was generated from Acme's internal request system on behalf of the Marketing Department. Please DO NOT REPLY to this email.","Request for Access to Marketing Shared Drive. Attention Acme IT,The marketing team requires access to a shared network drive to enhance collaboration and streamline our workflow. Please review the request details below and grant the necessary permissions to ensure seamless access for all team members.Request: ""Access to Marketing Shared Drive""Requested By: Marketing TeamEffective Date: 2024-10-01Date and Time Submitted: 2024-09-25T11:30:00.000-07:00 PST (Acme Server Time Zone)Team: MarketingEmail: marketing.team@acme.co---------------------------------------------------------------This email was generated from Acme's internal request system on behalf of the Marketing Department. Please DO NOT REPLY to this email.",Network,Medium
Troubleshooting Slow Internet on Company Laptop,"Hello,

We are reaching out to assist you with the slow internet connection issue on your company-issued laptop. Please follow these troubleshooting steps: 1. Restart your laptop and router. 2. Check for any available updates for your operating system and install them. 3. Ensure no bandwidth-heavy applications are running in the background. 4. Try connecting to a different network to see if the issue persists. If the problem continues, please email support@acme.co for further assistance.

Thanks!
Acme IT

-- 
This email was sent to you because an Acme IT administrator listed you as the recipient. If you believe this was sent in error, please contact your Acme IT administrator. If you are unsure who this is, please contact your Helpdesk or IT Team.","Troubleshooting Slow Internet on Company Laptop. Hello,

We are reaching out to assist you with the slow internet connection issue on your company-issued laptop. Please follow these troubleshooting steps: 1. Restart your laptop and router. 2. Check for any available updates for your operating system and install them. 3. Ensure no bandwidth-heavy applications are running in the background. 4. Try connecting to a different network to see if the issue persists. If the problem continues, please email support@acme.co for further assistance.

Thanks!
Acme IT

-- 
This email was sent to you because an Acme IT administrator listed you as the recipient. If you believe this was sent in error, please contact your Acme IT administrator. If you are unsure who this is, please contact your Helpdesk or IT Team.",Network,Medium
Instructions for Backing Up Data Using Company Software,Request for detailed instructions on backing up data from a personal desktop computer using company-approved software.,Instructions for Backing Up Data Using Company Software. Request for detailed instructions on backing up data from a personal desktop computer using company-approved software.,Software,Medium
Troubleshooting Slow Internet Connection,"Hi IT Team,\n\nI'm experiencing a slow internet connection on my company-issued desktop computer. Could you please provide instructions on how to troubleshoot this issue? Here are some details:\n * Device: Desktop Computer\n * Location: Office\n * Issue: Slow Internet Connection\n * Network: AcmeNet\n\nFor reference, please see the network configuration guide here [https://acme.co/network-guide].\nNext Steps\n * Check network settings\n * Run diagnostic tools\n * Verify connection speed\n\nThanks,\nJohn Doe\n[https://acme.co/johndoe/contact]","Troubleshooting Slow Internet Connection. Hi IT Team,\n\nI'm experiencing a slow internet connection on my company-issued desktop computer. Could you please provide instructions on how to troubleshoot this issue? Here are some details:\n * Device: Desktop Computer\n * Location: Office\n * Issue: Slow Internet Connection\n * Network: AcmeNet\n\nFor reference, please see the network configuration guide here [https://acme.co/network-guide].\nNext Steps\n * Check network settings\n * Run diagnostic tools\n * Verify connection speed\n\nThanks,\nJohn Doe\n[https://acme.co/johndoe/contact]",Network,Medium
Password Sync Issue,"Hi IT team, I'm having trouble with our enterprise password management system. The password synchronization across multiple applications keeps failing intermittently. Could someone look into this? It might need a detailed investigation and manual adjustment of the synchronization settings. Also, inspecting the application-specific integration points could be necessary. Thanks!","Password Sync Issue. Hi IT team, I'm having trouble with our enterprise password management system. The password synchronization across multiple applications keeps failing intermittently. Could someone look into this? It might need a detailed investigation and manual adjustment of the synchronization settings. Also, inspecting the application-specific integration points could be necessary. Thanks!",Software,High
Request for Access to Shared Network Drive,"Hi,

I recently got a new personal desktop computer and need instructions on how to access the shared network drive from it.

Thank you,

Alex","Request for Access to Shared Network Drive. Hi,

I recently got a new personal desktop computer and need instructions on how to access the shared network drive from it.

Thank you,

Alex",Network,Medium
Adobe Fresco Access for Jamie Lee,"Hey IT Team, Can we set up access to Adobe Fresco for Jamie? Thanks and have a great day!","Adobe Fresco Access for Jamie Lee. Hey IT Team, Can we set up access to Adobe Fresco for Jamie? Thanks and have a great day!",Software,Medium
SF Sales Portal Access Request,"Hello! I have 2 team members who need access to the SF Sales Portal. They are both Sales Associates and require the same level of access that I currently have. This is necessary for them to manage client interactions, track sales progress, and update records. 1) Jamie Lee 2) Alex Kim Thanks, Sam -- Sam Thompson | Team Lead, Sales Acme Co (https://acme.co/) • Connect with me (https://acme.co/connect/sam-thompson)","SF Sales Portal Access Request. Hello! I have 2 team members who need access to the SF Sales Portal. They are both Sales Associates and require the same level of access that I currently have. This is necessary for them to manage client interactions, track sales progress, and update records. 1) Jamie Lee 2) Alex Kim Thanks, Sam -- Sam Thompson | Team Lead, Sales Acme Co (https://acme.co/) • Connect with me (https://acme.co/connect/sam-thompson)",Account,Medium
Troubleshooting Google Calendar Sharing Permissions,"Hello, I am experiencing issues with Google Calendar sharing permissions not syncing with external clients. Could you please assist in resolving this? Thank you, Alex Johnson","Troubleshooting Google Calendar Sharing Permissions. Hello, I am experiencing issues with Google Calendar sharing permissions not syncing with external clients. Could you please assist in resolving this? Thank you, Alex Johnson",Software,Medium
Automated Data Backups Setup,I need instructions on setting up automated data backups using the company-approved software.,Automated Data Backups Setup. I need instructions on setting up automated data backups using the company-approved software.,Software,Medium
Assistance Needed for Data Restoration,"Hey team, I accidentally deleted some critical project files and need help restoring them from our backup. These files are essential for our current project, and I need to recover them as soon as possible. Could you guide me through the process or handle the restoration? Thanks in advance!","Assistance Needed for Data Restoration. Hey team, I accidentally deleted some critical project files and need help restoring them from our backup. These files are essential for our current project, and I need to recover them as soon as possible. Could you guide me through the process or handle the restoration? Thanks in advance!",Software,High
Accessing Shared Network Drive from Smartphone,"I need assistance with accessing the shared network drive from my company-issued smartphone. Please provide step-by-step instructions or necessary configurations required to connect to the drive. Ensure that the access is secure and complies with company policies. If there are any specific apps or VPN settings needed, kindly include those details as well.","Accessing Shared Network Drive from Smartphone. I need assistance with accessing the shared network drive from my company-issued smartphone. Please provide step-by-step instructions or necessary configurations required to connect to the drive. Ensure that the access is secure and complies with company policies. If there are any specific apps or VPN settings needed, kindly include those details as well.",Network,Medium
DBox File Sharing Access,Requesting access to DBox File Sharing Service,DBox File Sharing Access. Requesting access to DBox File Sharing Service,Account,Medium
Access Request: Zoom Breakout Room Management,"Please grant access to the Zoom Breakout Room Management features for the following user. Ensure that the user has the necessary permissions to create and manage breakout rooms during meetings. If additional licensing is required, please coordinate with the licensing team to facilitate this. User: John Doe Email: john.doe@acme.co","Access Request: Zoom Breakout Room Management. Please grant access to the Zoom Breakout Room Management features for the following user. Ensure that the user has the necessary permissions to create and manage breakout rooms during meetings. If additional licensing is required, please coordinate with the licensing team to facilitate this. User: John Doe Email: john.doe@acme.co",Software,Medium
can you help?,"Hi team, I noticed the T-Card Task Board is restricted. I am hoping you can help me. I need access to manage my tasks efficiently. Is there anything IT can do to grant me access to the T-Card Task Board please? I am hoping the business can accommodate this request to help me do my job better. Thank you -- Alex Johnson Project Management Book time with me (https://acme.co/alex-johnson/intro-call) 123-456-7890 Acme (https://acme.co/) Linkedin (https://www.linkedin.com/in/alex-johnson/)","can you help?. Hi team, I noticed the T-Card Task Board is restricted. I am hoping you can help me. I need access to manage my tasks efficiently. Is there anything IT can do to grant me access to the T-Card Task Board please? I am hoping the business can accommodate this request to help me do my job better. Thank you -- Alex Johnson Project Management Book time with me (https://acme.co/alex-johnson/intro-call) 123-456-7890 Acme (https://acme.co/) Linkedin (https://www.linkedin.com/in/alex-johnson/)",Account,Medium
Access Request: Zoom Pro Account Features,"Notification from Zoom

Zoom Account Image

This Access Request alert is to inform you that a request has been made to enable Pro features on your Zoom account.

The request details include:

User: a.smith@acme.co

By: Service Account (it-service@acme.co)

Date: Mon, Oct 30 2023 14:45 UTC

Account Center is not enabled for this feature. Account Center can provide additional details, feature options, and upgrade recommendations. To enable, turn on features in the account detail page.

Go to Account Details

You have received this important update about your Zoom account because you are the designated admin recipient for this request type. You can turn off these alerts or change the email recipients in the Account section of the Admin Console.

Zoom Video Communications, Inc. 55 Almaden Blvd, San Jose, CA 95113

-- 
You received this message because you are subscribed to the Zoom Groups ""Account Management"" group. To unsubscribe from this group and stop receiving emails from it, send an email to account+unsubscribe@acme.co.","Access Request: Zoom Pro Account Features. Notification from Zoom

Zoom Account Image

This Access Request alert is to inform you that a request has been made to enable Pro features on your Zoom account.

The request details include:

User: a.smith@acme.co

By: Service Account (it-service@acme.co)

Date: Mon, Oct 30 2023 14:45 UTC

Account Center is not enabled for this feature. Account Center can provide additional details, feature options, and upgrade recommendations. To enable, turn on features in the account detail page.

Go to Account Details

You have received this important update about your Zoom account because you are the designated admin recipient for this request type. You can turn off these alerts or change the email recipients in the Account section of the Admin Console.

Zoom Video Communications, Inc. 55 Almaden Blvd, San Jose, CA 95113

-- 
You received this message because you are subscribed to the Zoom Groups ""Account Management"" group. To unsubscribe from this group and stop receiving emails from it, send an email to account+unsubscribe@acme.co.",Account,Medium
Automated Backup Software Failing to Complete Scheduled Backups,"Hi there. I've been having persistent issues with our automated backup software. It seems that the scheduled backups are failing to complete. I believe it might require a detailed investigation and possibly some manual configuration of the backup settings. Additionally, there might be a need to adjust storage allocation and permissions. Can someone assist with this? Thanks! -- Alex Johnson | IT Specialist Acme Co (http://www.acme.co) - New York, NY 212.555.0199","Automated Backup Software Failing to Complete Scheduled Backups. Hi there. I've been having persistent issues with our automated backup software. It seems that the scheduled backups are failing to complete. I believe it might require a detailed investigation and possibly some manual configuration of the backup settings. Additionally, there might be a need to adjust storage allocation and permissions. Can someone assist with this? Thanks! -- Alex Johnson | IT Specialist Acme Co (http://www.acme.co) - New York, NY 212.555.0199",Software,High
Fwd: Request for Multi-Factor Authentication Setup Instructions,Need guidance on setting up multi-factor authentication for our internal analytics platform. Please advise.,Fwd: Request for Multi-Factor Authentication Setup Instructions. Need guidance on setting up multi-factor authentication for our internal analytics platform. Please advise.,Security,Medium
Slack Team Channel Access Request,"Hi IT Team, I recently joined the marketing department and noticed that I don't have access to some of the Slack team communication channels that are essential for our projects. I've checked with my manager, and they confirmed that I should have access. Could you please assist in granting me the necessary permissions? Thank you!","Slack Team Channel Access Request. Hi IT Team, I recently joined the marketing department and noticed that I don't have access to some of the Slack team communication channels that are essential for our projects. I've checked with my manager, and they confirmed that I should have access. Could you please assist in granting me the necessary permissions? Thank you!",Communication,Medium
Investigate AI Chatbot Query Failures,"Hi IT! We've been experiencing persistent issues with our enterprise cloud-based AI chatbot. Specific user queries intermittently fail to generate accurate responses. This seems to require a detailed investigation and possibly manual adjustment of the NLP model configurations. Additionally, it might be worth inspecting the quality of the training data. I've cc'd the product manager, Alex, and the lead data scientist, Jamie, for further context. Let us know if you need any more information. -- Thanks, Jordan Lee | Customer Experience Specialist","Investigate AI Chatbot Query Failures. Hi IT! We've been experiencing persistent issues with our enterprise cloud-based AI chatbot. Specific user queries intermittently fail to generate accurate responses. This seems to require a detailed investigation and possibly manual adjustment of the NLP model configurations. Additionally, it might be worth inspecting the quality of the training data. I've cc'd the product manager, Alex, and the lead data scientist, Jamie, for further context. Let us know if you need any more information. -- Thanks, Jordan Lee | Customer Experience Specialist",Software,High
Re: Access Issue: Cloud Application Synchronization,"Confirming the synchronization settings have been manually adjusted and are now functioning correctly. Thanks, 


On Mon, Oct 16, 2023 at 10:15 AM Acme IT Support <IT@acme.co> wrote:

Hi Team,

Alex Johnson is experiencing persistent issues with their access permissions in the enterprise cloud-based application. The permissions intermittently fail to synchronize with the external identity provider, causing disruptions. A detailed investigation and manual adjustment of the synchronization settings are required. Additionally, a review of the identity provider integration configurations might be necessary.

To resolve this, please ensure the synchronization settings are manually adjusted and confirm the integration configurations are correct. If further assistance is needed, contact IT at the IT Help Center (https://acme.co/it-help) or by emailing IT@acme.co.

Thank you,

Acme IT Support


--

Alex Johnson  | Senior Analyst

Acme Co (https://acme.co/)  •  New York, NY","Re: Access Issue: Cloud Application Synchronization. Confirming the synchronization settings have been manually adjusted and are now functioning correctly. Thanks, 


On Mon, Oct 16, 2023 at 10:15 AM Acme IT Support <IT@acme.co> wrote:

Hi Team,

Alex Johnson is experiencing persistent issues with their access permissions in the enterprise cloud-based application. The permissions intermittently fail to synchronize with the external identity provider, causing disruptions. A detailed investigation and manual adjustment of the synchronization settings are required. Additionally, a review of the identity provider integration configurations might be necessary.

To resolve this, please ensure the synchronization settings are manually adjusted and confirm the integration configurations are correct. If further assistance is needed, contact IT at the IT Help Center (https://acme.co/it-help) or by emailing IT@acme.co.

Thank you,

Acme IT Support


--

Alex Johnson  | Senior Analyst

Acme Co (https://acme.co/)  •  New York, NY",Software,High
Fwd: URGENT - Assistance Required - Issue Accessing Shared Network Drive,"Hi IT Team, I'm experiencing an issue with accessing the shared network drive. Despite using the correct credentials and having the necessary permissions, I'm unable to map the drive. Could you please assist? Thank you. ---------- Forwarded message --------- From: John Doe <john.doe@acme.co> Date: Mon, Oct 16, 2023 at 9:30 AM Subject: URGENT - Assistance Required - Issue Accessing Shared Network Drive To: it.support@acme.co <it.support@acme.co> Hello IT Support, I've been trying to map the shared network drive on my computer, but I keep encountering an error message stating that access is denied. I've double-checked my credentials and confirmed with my manager that I have the appropriate permissions. Could you please look into this matter at your earliest convenience? Thank you. John Doe IT Specialist Acme Co. 1234 Elm Street, Suite 100 Springfield, IL 62701 (o) 217-555-0199 acme.co","Fwd: URGENT - Assistance Required - Issue Accessing Shared Network Drive. Hi IT Team, I'm experiencing an issue with accessing the shared network drive. Despite using the correct credentials and having the necessary permissions, I'm unable to map the drive. Could you please assist? Thank you. ---------- Forwarded message --------- From: John Doe <john.doe@acme.co> Date: Mon, Oct 16, 2023 at 9:30 AM Subject: URGENT - Assistance Required - Issue Accessing Shared Network Drive To: it.support@acme.co <it.support@acme.co> Hello IT Support, I've been trying to map the shared network drive on my computer, but I keep encountering an error message stating that access is denied. I've double-checked my credentials and confirmed with my manager that I have the appropriate permissions. Could you please look into this matter at your earliest convenience? Thank you. John Doe IT Specialist Acme Co. 1234 Elm Street, Suite 100 Springfield, IL 62701 (o) 217-555-0199 acme.co",Network,Urgent
Assistance Required for Configuring Multi-Factor Authentication on Legacy Systems,"We're experiencing compatibility issues while trying to configure multi-factor authentication on our legacy systems. The current setup doesn't support the new authentication protocols, and we need guidance on how to proceed without compromising security.","Assistance Required for Configuring Multi-Factor Authentication on Legacy Systems. We're experiencing compatibility issues while trying to configure multi-factor authentication on our legacy systems. The current setup doesn't support the new authentication protocols, and we need guidance on how to proceed without compromising security.",Security,High
O365 Email & OneDrive Access Request for New Team Member,"Hello, We need to grant access to O365 Email & OneDrive services for the following team member: alex.jordan@acme.co. Thanks in advance! -- Best regards, Jamie Lee | IT Support Specialist Acme Co (http://acme.co) • New York, NY","O365 Email & OneDrive Access Request for New Team Member. Hello, We need to grant access to O365 Email & OneDrive services for the following team member: alex.jordan@acme.co. Thanks in advance! -- Best regards, Jamie Lee | IT Support Specialist Acme Co (http://acme.co) • New York, NY",Account,Medium
Fwd: Urgent Review Needed for Phishing Email,"Hello team - I accidentally marked a phishing email as safe and now it's in my inbox. Can you assist with a manual review and escalate if necessary? Thanks, Alex","Fwd: Urgent Review Needed for Phishing Email. Hello team - I accidentally marked a phishing email as safe and now it's in my inbox. Can you assist with a manual review and escalate if necessary? Thanks, Alex",Security,High
Instructions for Multi-Factor Authentication Setup,"Hello,

I am reaching out to request detailed instructions on setting up multi-factor authentication (MFA) for accessing our internal document management system. I understand the importance of securing our data and want to ensure that I follow the correct procedure.

Could you please provide a step-by-step guide or direct me to the relevant resources? If there are any specific apps or devices required, kindly let me know.

Thanks,
Alex Johnson
--
Regards, Alex Johnson","Instructions for Multi-Factor Authentication Setup. Hello,

I am reaching out to request detailed instructions on setting up multi-factor authentication (MFA) for accessing our internal document management system. I understand the importance of securing our data and want to ensure that I follow the correct procedure.

Could you please provide a step-by-step guide or direct me to the relevant resources? If there are any specific apps or devices required, kindly let me know.

Thanks,
Alex Johnson
--
Regards, Alex Johnson",Security,Medium
Instructions for Configuring VPN Access on New Laptop,Request for detailed instructions on setting up VPN access for secure remote connectivity on a new personal laptop.,Instructions for Configuring VPN Access on New Laptop. Request for detailed instructions on setting up VPN access for secure remote connectivity on a new personal laptop.,RemoteWork,Medium
Cloud Inventory Sync Issues,"Hey team, I'm running into some persistent issues with our cloud-based inventory management system. Stock level updates are intermittently failing to reflect in real-time, which is causing some headaches. I think we might need a detailed investigation into the synchronization settings and possibly check the integration with our point-of-sale systems. Let me know if there's anything you need from me or the team to get this sorted, thanks! -- Alex Jordan | Inventory Manager","Cloud Inventory Sync Issues. Hey team, I'm running into some persistent issues with our cloud-based inventory management system. Stock level updates are intermittently failing to reflect in real-time, which is causing some headaches. I think we might need a detailed investigation into the synchronization settings and possibly check the integration with our point-of-sale systems. Let me know if there's anything you need from me or the team to get this sorted, thanks! -- Alex Jordan | Inventory Manager",Software,High
Enterprise Endpoint Security Software Alert Issue,"Member of the IT security team experiencing persistent issues with enterprise endpoint security software. Threat detection alerts are intermittently not generated, requiring detailed investigation and manual adjustment of detection rules. Potential inspection of software update logs needed.","Enterprise Endpoint Security Software Alert Issue. Member of the IT security team experiencing persistent issues with enterprise endpoint security software. Threat detection alerts are intermittently not generated, requiring detailed investigation and manual adjustment of detection rules. Potential inspection of software update logs needed.",Security,High
Instructions for Verifying Data Backup Integrity,"Hello, I am looking for guidance on how to verify and ensure the integrity of our data backups using the company-approved software. Could you please provide detailed instructions or direct me to the appropriate resources? Thank you for your assistance. Best Regards, -- Alex Johnson | Data Analyst New York, NY","Instructions for Verifying Data Backup Integrity. Hello, I am looking for guidance on how to verify and ensure the integrity of our data backups using the company-approved software. Could you please provide detailed instructions or direct me to the appropriate resources? Thank you for your assistance. Best Regards, -- Alex Johnson | Data Analyst New York, NY",Software,Medium
Troubleshoot Google Calendar Integration,"Hi IT Team, I'm experiencing issues with the Google Calendar integration with our third-party scheduling software. Despite having the correct configuration settings, I'm noticing inconsistent event syncing and some missing entries. Could you please assist in troubleshooting this? Thanks!","Troubleshoot Google Calendar Integration. Hi IT Team, I'm experiencing issues with the Google Calendar integration with our third-party scheduling software. Despite having the correct configuration settings, I'm noticing inconsistent event syncing and some missing entries. Could you please assist in troubleshooting this? Thanks!",Software,Medium
Help with Email Forwarding Setup on Mobile,Hi! Can you provide instructions on how to configure email forwarding settings on my mobile device?,Help with Email Forwarding Setup on Mobile. Hi! Can you provide instructions on how to configure email forwarding settings on my mobile device?,Software,Medium
Document Management System Version Control Issues,"Good Morning,

I'm experiencing persistent issues with our enterprise cloud-based document management system. The document version control intermittently fails to track changes, which requires me to manually adjust the versioning settings. Could you please investigate this issue? Additionally, it might be necessary to inspect the document synchronization processes to ensure everything is functioning correctly.

Thank you for your assistance.

Best Regards
--

Alex Johnson  |  Document Specialist

Acme Co. (https://acme.co/)   •  New York, NY","Document Management System Version Control Issues. Good Morning,

I'm experiencing persistent issues with our enterprise cloud-based document management system. The document version control intermittently fails to track changes, which requires me to manually adjust the versioning settings. Could you please investigate this issue? Additionally, it might be necessary to inspect the document synchronization processes to ensure everything is functioning correctly.

Thank you for your assistance.

Best Regards
--

Alex Johnson  |  Document Specialist

Acme Co. (https://acme.co/)   •  New York, NY",Software,High
Access Request for ZD Agent Workspace,Access request details. Request details: Requester email: alex.taylor@acme.co Requester name: Alex Taylor Requester department: Customer Support Application requested: ZD Agent Workspace License requested: Full Access Request submitted at: 2024-07-15T09:20:00-07:00 Request note: Required for handling escalated support tickets. Request review details: Reviewed by: j.doe@acme.co Reviewed at: 2024-07-15T09:45:00-07:00 Review status: APPROVED Fulfillment details: Fulfillment channel: internal system Executed at: 2024-07-15T10:00:00-07:00 Fulfillment channel: internal system Executed at: 2024-07-15T10:15:00-07:00,Access Request for ZD Agent Workspace. Access request details. Request details: Requester email: alex.taylor@acme.co Requester name: Alex Taylor Requester department: Customer Support Application requested: ZD Agent Workspace License requested: Full Access Request submitted at: 2024-07-15T09:20:00-07:00 Request note: Required for handling escalated support tickets. Request review details: Reviewed by: j.doe@acme.co Reviewed at: 2024-07-15T09:45:00-07:00 Review status: APPROVED Fulfillment details: Fulfillment channel: internal system Executed at: 2024-07-15T10:00:00-07:00 Fulfillment channel: internal system Executed at: 2024-07-15T10:15:00-07:00,Account,Medium
Access Request for SFDC Platform,"Hi IT Team, Hope you're all doing well. I've been informed that I should have access to the SFDC Platform for our upcoming sales initiatives, but it seems I don't have the necessary permissions. I've attached a screenshot of the error message I receive when trying to log in. Please advise on how to proceed. Many thanks, Alex","Access Request for SFDC Platform. Hi IT Team, Hope you're all doing well. I've been informed that I should have access to the SFDC Platform for our upcoming sales initiatives, but it seems I don't have the necessary permissions. I've attached a screenshot of the error message I receive when trying to log in. Please advise on how to proceed. Many thanks, Alex",Account,Medium
Need help with email sorting on mobile,"Hi team, I've been trying to configure my email account settings to automatically sort emails into folders on my mobile device, but I'm having some trouble. Could you please provide instructions on how to set this up? I need this sorted out as I'm often on the go and it would really help me stay organized. Thank you! Alex -- Alex Johnson | Marketing Specialist Acme Co (https://acme.co/) • New York, NY","Need help with email sorting on mobile. Hi team, I've been trying to configure my email account settings to automatically sort emails into folders on my mobile device, but I'm having some trouble. Could you please provide instructions on how to set this up? I need this sorted out as I'm often on the go and it would really help me stay organized. Thank you! Alex -- Alex Johnson | Marketing Specialist Acme Co (https://acme.co/) • New York, NY",Software,Medium
